UID,채무 불이행 확률
TEST_0000,0.282328
TEST_0001,0.17150657
TEST_0002,0.3728019
TEST_0003,0.1129697
TEST_0004,0.2829093
TEST_0005,0.13936576
TEST_0006,0.540517
TEST_0007,0.60972124
TEST_0008,0.00533839
TEST_0009,0.2295038
TEST_0010,0.14678106
TEST_0011,0.260108
TEST_0012,0.14549305
TEST_0013,0.28847066
TEST_0014,0.48861194
TEST_0015,0.31849632
TEST_0016,0.11909053
TEST_0017,0.26771703
TEST_0018,0.12492441
TEST_0019,0.35414067
TEST_0020,0.22673717
TEST_0021,0.10365892
TEST_0022,0.20541936
TEST_0023,0.41281456
TEST_0024,0.27239963
TEST_0025,0.31259358
TEST_0026,0.33429974
TEST_0027,0.4314943
TEST_0028,0.4607351
TEST_0029,0.9419038
TEST_0030,0.030718226
TEST_0031,0.12059491
TEST_0032,0.25948194
TEST_0033,0.8502516
TEST_0034,0.27346244
TEST_0035,0.1253813
TEST_0036,0.21457836
TEST_0037,0.15155733
TEST_0038,0.32905442
TEST_0039,0.39206138
TEST_0040,0.678607
TEST_0041,0.058910724
TEST_0042,0.023623204
TEST_0043,0.23406419
TEST_0044,0.05613763
TEST_0045,0.1362142
TEST_0046,0.23678283
TEST_0047,0.20081854
TEST_0048,0.5551745
TEST_0049,0.2458169
TEST_0050,0.4484091
TEST_0051,0.031375777
TEST_0052,0.4698609
TEST_0053,0.13839726
TEST_0054,0.08758819
TEST_0055,0.10541181
TEST_0056,0.0093574105
TEST_0057,0.027149849
TEST_0058,0.7923865
TEST_0059,0.35046998
TEST_0060,0.05417429
TEST_0061,0.00022129461
TEST_0062,0.51981866
TEST_0063,0.24845429
TEST_0064,0.26479623
TEST_0065,0.3442305
TEST_0066,0.2583458
TEST_0067,0.08196468
TEST_0068,0.26482737
TEST_0069,0.2573983
TEST_0070,0.20071208
TEST_0071,0.37744915
TEST_0072,0.028690232
TEST_0073,0.1977392
TEST_0074,0.17915787
TEST_0075,0.4287379
TEST_0076,0.12712419
TEST_0077,0.31473765
TEST_0078,0.00042554594
TEST_0079,0.21763001
TEST_0080,0.067254305
TEST_0081,0.41062674
TEST_0082,0.3454984
TEST_0083,0.30084154
TEST_0084,0.31558818
TEST_0085,0.27699664
TEST_0086,0.53200126
TEST_0087,0.2524689
TEST_0088,0.018126456
TEST_0089,0.42372116
TEST_0090,0.49104822
TEST_0091,0.22837676
TEST_0092,0.42608413
TEST_0093,0.5210179
TEST_0094,0.15684776
TEST_0095,0.27638003
TEST_0096,0.053700667
TEST_0097,0.2148043
TEST_0098,0.2925349
TEST_0099,0.26071388
TEST_0100,0.25124165
TEST_0101,0.0931613
TEST_0102,0.12123817
TEST_0103,0.22246106
TEST_0104,0.6664742
TEST_0105,0.04878478
TEST_0106,0.48154333
TEST_0107,0.14541116
TEST_0108,0.044294905
TEST_0109,0.16876511
TEST_0110,0.02455222
TEST_0111,0.17408256
TEST_0112,0.27334473
TEST_0113,0.3895412
TEST_0114,0.2274664
TEST_0115,0.058537886
TEST_0116,0.5517947
TEST_0117,0.021658778
TEST_0118,0.3287627
TEST_0119,0.30710706
TEST_0120,0.010639067
TEST_0121,0.20641159
TEST_0122,0.13014789
TEST_0123,0.1768599
TEST_0124,0.31097838
TEST_0125,0.034858502
TEST_0126,0.1432409
TEST_0127,0.16786933
TEST_0128,0.013787231
TEST_0129,0.44910088
TEST_0130,0.30899227
TEST_0131,0.16988127
TEST_0132,0.5853364
TEST_0133,0.36468476
TEST_0134,0.2138223
TEST_0135,0.36620486
TEST_0136,0.6794649
TEST_0137,0.3853322
TEST_0138,0.8484204
TEST_0139,0.7583955
TEST_0140,0.764829
TEST_0141,0.396306
TEST_0142,0.019024393
TEST_0143,0.0418134
TEST_0144,0.2642948
TEST_0145,0.27384278
TEST_0146,0.3758609
TEST_0147,0.27613363
TEST_0148,0.34111947
TEST_0149,0.27470613
TEST_0150,0.40922332
TEST_0151,0.36907014
TEST_0152,0.47803447
TEST_0153,0.15098958
TEST_0154,0.6833973
TEST_0155,0.064320415
TEST_0156,0.5301617
TEST_0157,0.023557222
TEST_0158,0.40401402
TEST_0159,0.006048514
TEST_0160,0.64195144
TEST_0161,0.16448863
TEST_0162,0.15241808
TEST_0163,0.38410503
TEST_0164,0.22019482
TEST_0165,0.0006551157
TEST_0166,0.28825894
TEST_0167,0.24411689
TEST_0168,0.20650645
TEST_0169,0.78876567
TEST_0170,0.2865445
TEST_0171,0.27701536
TEST_0172,0.18731987
TEST_0173,0.10669424
TEST_0174,0.06938813
TEST_0175,0.3639378
TEST_0176,0.25682727
TEST_0177,0.3593616
TEST_0178,0.34868604
TEST_0179,0.52815014
TEST_0180,0.31189415
TEST_0181,0.014378478
TEST_0182,0.09183981
TEST_0183,0.016842553
TEST_0184,0.3361242
TEST_0185,0.1080962
TEST_0186,0.060380194
TEST_0187,0.14985958
TEST_0188,0.16792722
TEST_0189,0.18311639
TEST_0190,0.35880673
TEST_0191,0.034667637
TEST_0192,0.29460678
TEST_0193,0.02760077
TEST_0194,0.0015358895
TEST_0195,0.31062394
TEST_0196,0.19352785
TEST_0197,0.6303963
TEST_0198,0.2387837
TEST_0199,0.50372005
TEST_0200,0.03202961
TEST_0201,0.419357
TEST_0202,0.118243575
TEST_0203,0.066508606
TEST_0204,0.33432278
TEST_0205,0.548352
TEST_0206,0.48687935
TEST_0207,0.0024479157
TEST_0208,0.060414024
TEST_0209,0.44578066
TEST_0210,0.2779003
TEST_0211,0.6505409
TEST_0212,0.3625374
TEST_0213,0.12841941
TEST_0214,0.098619714
TEST_0215,0.5441015
TEST_0216,0.13088638
TEST_0217,0.12222784
TEST_0218,0.027140774
TEST_0219,0.21322887
TEST_0220,0.34395134
TEST_0221,0.19514665
TEST_0222,0.54707295
TEST_0223,0.22817333
TEST_0224,0.18421358
TEST_0225,0.31616545
TEST_0226,0.43424168
TEST_0227,0.10009563
TEST_0228,0.25985622
TEST_0229,0.06757257
TEST_0230,0.2929012
TEST_0231,0.46784213
TEST_0232,0.3647202
TEST_0233,0.26575738
TEST_0234,0.068208225
TEST_0235,0.6352687
TEST_0236,0.19081888
TEST_0237,0.45638806
TEST_0238,0.22237167
TEST_0239,0.33707273
TEST_0240,0.31787556
TEST_0241,0.16977802
TEST_0242,0.30389526
TEST_0243,0.35568485
TEST_0244,0.22343712
TEST_0245,0.5700463
TEST_0246,0.14351405
TEST_0247,0.7467264
TEST_0248,0.4130012
TEST_0249,0.1442067
TEST_0250,0.053113513
TEST_0251,0.70088065
TEST_0252,0.5054843
TEST_0253,0.5837466
TEST_0254,0.005128534
TEST_0255,0.6833926
TEST_0256,0.41327792
TEST_0257,0.043361764
TEST_0258,0.21581109
TEST_0259,0.0045698537
TEST_0260,0.0044547594
TEST_0261,0.5441236
TEST_0262,0.23362967
TEST_0263,0.3918956
TEST_0264,0.34174237
TEST_0265,0.23255348
TEST_0266,0.04054772
TEST_0267,0.05310301
TEST_0268,0.49021247
TEST_0269,0.24262567
TEST_0270,0.17925774
TEST_0271,0.13219489
TEST_0272,0.093952805
TEST_0273,0.5010905
TEST_0274,0.02099146
TEST_0275,0.08032905
TEST_0276,0.10211223
TEST_0277,0.14735739
TEST_0278,0.0095985485
TEST_0279,0.28788856
TEST_0280,0.34292424
TEST_0281,0.005704928
TEST_0282,0.004599084
TEST_0283,0.21776165
TEST_0284,0.19681163
TEST_0285,0.40679458
TEST_0286,0.14284371
TEST_0287,0.48834404
TEST_0288,0.063635334
TEST_0289,0.009483518
TEST_0290,0.25061095
TEST_0291,0.047089696
TEST_0292,0.12477397
TEST_0293,0.04458686
TEST_0294,0.08973875
TEST_0295,0.5051262
TEST_0296,0.057223514
TEST_0297,0.10504494
TEST_0298,0.44951028
TEST_0299,0.37059495
TEST_0300,0.21313158
TEST_0301,0.009960573
TEST_0302,0.44824234
TEST_0303,0.20042391
TEST_0304,0.86073774
TEST_0305,0.15339398
TEST_0306,0.31597045
TEST_0307,0.82763517
TEST_0308,0.6286741
TEST_0309,0.18729913
TEST_0310,0.1484153
TEST_0311,0.86867356
TEST_0312,0.42397127
TEST_0313,0.19715741
TEST_0314,0.32222012
TEST_0315,0.38139555
TEST_0316,0.06638956
TEST_0317,0.8491142
TEST_0318,0.22566636
TEST_0319,0.6497228
TEST_0320,0.39916223
TEST_0321,0.72851986
TEST_0322,0.7663758
TEST_0323,0.03937776
TEST_0324,0.70258254
TEST_0325,0.050306614
TEST_0326,0.45528096
TEST_0327,0.115756884
TEST_0328,0.60842574
TEST_0329,0.4706853
TEST_0330,0.0009377532
TEST_0331,0.21797624
TEST_0332,0.38010135
TEST_0333,0.56980616
TEST_0334,0.1260299
TEST_0335,0.23814589
TEST_0336,0.1168917
TEST_0337,0.58517325
TEST_0338,0.3232877
TEST_0339,0.02997314
TEST_0340,0.3967621
TEST_0341,0.07353105
TEST_0342,0.6600861
TEST_0343,0.59813905
TEST_0344,0.3253356
TEST_0345,0.33196405
TEST_0346,0.1749124
TEST_0347,0.14988945
TEST_0348,0.46015525
TEST_0349,0.760286
TEST_0350,0.7493991
TEST_0351,0.12715492
TEST_0352,0.24436751
TEST_0353,0.261948
TEST_0354,0.27219525
TEST_0355,0.5925944
TEST_0356,0.3049434
TEST_0357,0.008267891
TEST_0358,0.31626612
TEST_0359,0.34109834
TEST_0360,0.012215645
TEST_0361,0.14581762
TEST_0362,0.38478738
TEST_0363,0.23141642
TEST_0364,0.2531006
TEST_0365,0.3115345
TEST_0366,0.12771294
TEST_0367,0.38297474
TEST_0368,0.35781562
TEST_0369,0.28779122
TEST_0370,0.2742886
TEST_0371,0.25116712
TEST_0372,0.11941555
TEST_0373,0.026278114
TEST_0374,0.37975514
TEST_0375,0.0056241974
TEST_0376,0.12212838
TEST_0377,0.19237624
TEST_0378,0.36709982
TEST_0379,0.62043065
TEST_0380,0.033720486
TEST_0381,0.31387573
TEST_0382,0.11843793
TEST_0383,0.23245543
TEST_0384,0.08601215
TEST_0385,0.20312251
TEST_0386,0.31358847
TEST_0387,0.3325058
TEST_0388,0.002264962
TEST_0389,0.33804825
TEST_0390,0.18539536
TEST_0391,0.21485505
TEST_0392,0.14979334
TEST_0393,0.5858424
TEST_0394,0.3825599
TEST_0395,0.26027384
TEST_0396,0.36242124
TEST_0397,0.4611408
TEST_0398,0.3279916
TEST_0399,0.15309028
TEST_0400,0.19161978
TEST_0401,0.030078419
TEST_0402,0.22719425
TEST_0403,0.32996023
TEST_0404,0.5646336
TEST_0405,0.26170838
TEST_0406,0.08574837
TEST_0407,0.70081604
TEST_0408,0.041315544
TEST_0409,0.3730704
TEST_0410,0.2224508
TEST_0411,0.082291245
TEST_0412,0.050573062
TEST_0413,0.050858513
TEST_0414,0.059645705
TEST_0415,0.53537554
TEST_0416,0.001163909
TEST_0417,0.7309438
TEST_0418,0.2375007
TEST_0419,0.42199385
TEST_0420,0.29353672
TEST_0421,0.42163423
TEST_0422,0.03184924
TEST_0423,0.019276962
TEST_0424,0.506626
TEST_0425,0.47981688
TEST_0426,0.44376072
TEST_0427,0.03286558
TEST_0428,0.4128421
TEST_0429,0.3506084
TEST_0430,0.11927025
TEST_0431,0.52200013
TEST_0432,0.0075094155
TEST_0433,0.22437598
TEST_0434,0.20183024
TEST_0435,0.8109105
TEST_0436,0.17613025
TEST_0437,0.6286858
TEST_0438,0.13662514
TEST_0439,0.048713557
TEST_0440,0.046916407
TEST_0441,0.2737519
TEST_0442,0.06201436
TEST_0443,0.10001461
TEST_0444,0.09837346
TEST_0445,0.10969495
TEST_0446,0.47421762
TEST_0447,0.18547365
TEST_0448,0.13715555
TEST_0449,0.13301969
TEST_0450,0.022160387
TEST_0451,0.5765416
TEST_0452,0.67298394
TEST_0453,0.16315307
TEST_0454,0.42153454
TEST_0455,0.071945645
TEST_0456,0.15179595
TEST_0457,0.43036777
TEST_0458,0.28498173
TEST_0459,0.27137297
TEST_0460,0.12781966
TEST_0461,0.32492483
TEST_0462,0.101466805
TEST_0463,0.22415464
TEST_0464,0.2572315
TEST_0465,0.14740299
TEST_0466,0.056773555
TEST_0467,0.16621822
TEST_0468,0.20062876
TEST_0469,0.0411799
TEST_0470,0.7539855
TEST_0471,0.091972955
TEST_0472,0.062351238
TEST_0473,0.022017809
TEST_0474,0.13797036
TEST_0475,0.10242158
TEST_0476,0.13891733
TEST_0477,0.6864375
TEST_0478,0.45980078
TEST_0479,0.89732146
TEST_0480,0.43069956
TEST_0481,0.27486855
TEST_0482,0.25055808
TEST_0483,0.11841733
TEST_0484,0.0030207457
TEST_0485,0.47337168
TEST_0486,0.051505797
TEST_0487,0.16986798
TEST_0488,0.8287123
TEST_0489,0.26110265
TEST_0490,0.037003286
TEST_0491,0.011440072
TEST_0492,0.29435033
TEST_0493,0.3847389
TEST_0494,0.38858017
TEST_0495,0.4653742
TEST_0496,0.15737422
TEST_0497,0.70829266
TEST_0498,0.3360873
TEST_0499,0.35707697
TEST_0500,0.07288037
TEST_0501,0.35361955
TEST_0502,0.58704257
TEST_0503,0.22061768
TEST_0504,0.009956812
TEST_0505,0.029831642
TEST_0506,0.13476333
TEST_0507,0.32296637
TEST_0508,0.15852344
TEST_0509,0.31462377
TEST_0510,0.40122285
TEST_0511,0.18897504
TEST_0512,0.5459569
TEST_0513,0.12760545
TEST_0514,0.14531974
TEST_0515,0.7341206
TEST_0516,0.22037308
TEST_0517,0.4233751
TEST_0518,0.7669859
TEST_0519,0.061835457
TEST_0520,0.36097628
TEST_0521,0.013589601
TEST_0522,0.076321244
TEST_0523,0.070691705
TEST_0524,0.27746308
TEST_0525,0.19821249
TEST_0526,0.48572236
TEST_0527,0.01458238
TEST_0528,0.42857876
TEST_0529,0.37228325
TEST_0530,0.042199653
TEST_0531,0.471879
TEST_0532,0.3640991
TEST_0533,0.22685786
TEST_0534,0.21151932
TEST_0535,0.17028072
TEST_0536,0.10102613
TEST_0537,0.20106444
TEST_0538,0.48563564
TEST_0539,0.5330266
TEST_0540,0.23525046
TEST_0541,0.17876984
TEST_0542,0.221307
TEST_0543,0.06266925
TEST_0544,0.45092383
TEST_0545,0.079766855
TEST_0546,0.18353501
TEST_0547,0.7465652
TEST_0548,0.16775694
TEST_0549,0.7283959
TEST_0550,0.05855218
TEST_0551,0.3083251
TEST_0552,0.41117337
TEST_0553,0.23700532
TEST_0554,0.12702152
TEST_0555,0.38757506
TEST_0556,0.3705436
TEST_0557,0.52420014
TEST_0558,0.11418643
TEST_0559,0.7548222
TEST_0560,0.036886394
TEST_0561,0.033844426
TEST_0562,0.23964778
TEST_0563,0.7476813
TEST_0564,0.27708593
TEST_0565,0.4355083
TEST_0566,0.020473827
TEST_0567,0.49653646
TEST_0568,0.030054806
TEST_0569,0.18097879
TEST_0570,0.3018641
TEST_0571,0.13591965
TEST_0572,0.18760593
TEST_0573,0.15984067
TEST_0574,0.1620617
TEST_0575,0.02597491
TEST_0576,0.1459405
TEST_0577,0.0024244646
TEST_0578,0.14073192
TEST_0579,0.2312231
TEST_0580,0.08725005
TEST_0581,0.37023127
TEST_0582,0.16039175
TEST_0583,0.088953234
TEST_0584,0.85667044
TEST_0585,0.0019685754
TEST_0586,0.17495117
TEST_0587,0.10333759
TEST_0588,0.478425
TEST_0589,0.584821
TEST_0590,0.483996
TEST_0591,0.049190816
TEST_0592,0.12476429
TEST_0593,0.6839243
TEST_0594,0.6688335
TEST_0595,0.404432
TEST_0596,0.58842754
TEST_0597,0.061262704
TEST_0598,0.3183803
TEST_0599,0.61872
TEST_0600,0.071766555
TEST_0601,0.70712405
TEST_0602,0.3192941
TEST_0603,0.17306162
TEST_0604,0.33431095
TEST_0605,0.1328414
TEST_0606,0.24391359
TEST_0607,0.15574716
TEST_0608,0.015849326
TEST_0609,0.22741234
TEST_0610,0.06976343
TEST_0611,0.42584163
TEST_0612,0.11179521
TEST_0613,0.15142438
TEST_0614,0.17827083
TEST_0615,0.254568
TEST_0616,0.45230287
TEST_0617,0.33924007
TEST_0618,0.058036044
TEST_0619,0.40809765
TEST_0620,0.36703524
TEST_0621,0.19532445
TEST_0622,0.14681382
TEST_0623,0.5084471
TEST_0624,0.6310172
TEST_0625,0.0012900328
TEST_0626,0.26953846
TEST_0627,0.11430021
TEST_0628,0.43818155
TEST_0629,0.08621039
TEST_0630,0.5784971
TEST_0631,0.03239357
TEST_0632,0.13850734
TEST_0633,0.4103208
TEST_0634,0.35997117
TEST_0635,0.03332236
TEST_0636,0.66243106
TEST_0637,0.6298219
TEST_0638,0.35828346
TEST_0639,0.4669544
TEST_0640,0.09531424
TEST_0641,0.47998622
TEST_0642,0.2613866
TEST_0643,0.06417624
TEST_0644,0.37107608
TEST_0645,0.22601052
TEST_0646,0.60391474
TEST_0647,0.13736753
TEST_0648,0.38817188
TEST_0649,0.40650058
TEST_0650,0.22458646
TEST_0651,0.011901377
TEST_0652,0.11217913
TEST_0653,0.5210868
TEST_0654,0.24635851
TEST_0655,0.24093907
TEST_0656,0.087981716
TEST_0657,0.09329844
TEST_0658,0.2216151
TEST_0659,0.32111263
TEST_0660,0.32293674
TEST_0661,0.3015871
TEST_0662,0.023057556
TEST_0663,0.25282547
TEST_0664,0.26532558
TEST_0665,0.17247674
TEST_0666,0.7419815
TEST_0667,0.053517934
TEST_0668,0.46977186
TEST_0669,0.44944987
TEST_0670,0.057976708
TEST_0671,0.014337259
TEST_0672,0.20189217
TEST_0673,0.12301256
TEST_0674,0.04927189
TEST_0675,0.11088636
TEST_0676,0.0040668915
TEST_0677,0.41400746
TEST_0678,0.516105
TEST_0679,0.38331714
TEST_0680,0.390833
TEST_0681,0.0024674807
TEST_0682,0.1261958
TEST_0683,0.3160058
TEST_0684,0.46738556
TEST_0685,0.109365925
TEST_0686,0.20121527
TEST_0687,0.10468297
TEST_0688,0.43166432
TEST_0689,0.24286914
TEST_0690,0.3495759
TEST_0691,0.19422835
TEST_0692,0.17918187
TEST_0693,0.11635573
TEST_0694,0.36130637
TEST_0695,0.42983627
TEST_0696,0.0402254
TEST_0697,0.28370485
TEST_0698,0.43989512
TEST_0699,0.155349
TEST_0700,0.039301176
TEST_0701,0.5934813
TEST_0702,0.12825118
TEST_0703,0.16405681
TEST_0704,0.06620257
TEST_0705,0.16059491
TEST_0706,0.0680241
TEST_0707,0.48978132
TEST_0708,0.48667383
TEST_0709,0.5332036
TEST_0710,0.43932685
TEST_0711,0.027201364
TEST_0712,0.35193658
TEST_0713,0.07197185
TEST_0714,0.17665619
TEST_0715,0.66867495
TEST_0716,0.34274313
TEST_0717,0.6544411
TEST_0718,0.08148683
TEST_0719,0.3287476
TEST_0720,0.4136853
TEST_0721,0.38538787
TEST_0722,0.00027991243
TEST_0723,0.12292146
TEST_0724,0.27826387
TEST_0725,0.1346189
TEST_0726,0.22398609
TEST_0727,0.2765109
TEST_0728,0.7608998
TEST_0729,0.015223917
TEST_0730,0.069863915
TEST_0731,0.16427903
TEST_0732,0.558398
TEST_0733,0.13967702
TEST_0734,0.145228
TEST_0735,0.27472344
TEST_0736,0.022841254
TEST_0737,0.20233844
TEST_0738,0.44170213
TEST_0739,0.008093225
TEST_0740,0.37833735
TEST_0741,0.37213033
TEST_0742,0.33764228
TEST_0743,0.57309586
TEST_0744,0.23377393
TEST_0745,0.101441726
TEST_0746,0.29805318
TEST_0747,0.4721873
TEST_0748,0.2103302
TEST_0749,0.39245626
TEST_0750,0.41999564
TEST_0751,0.08616972
TEST_0752,0.57589406
TEST_0753,0.65000564
TEST_0754,0.16205002
TEST_0755,0.1016151
TEST_0756,0.1887646
TEST_0757,0.10453337
TEST_0758,0.15712927
TEST_0759,0.015773926
TEST_0760,0.12292087
TEST_0761,0.1594217
TEST_0762,0.08424551
TEST_0763,0.1369611
TEST_0764,0.2842927
TEST_0765,0.1816196
TEST_0766,0.17633934
TEST_0767,0.013269017
TEST_0768,0.73095447
TEST_0769,0.7303424
TEST_0770,0.27442896
TEST_0771,0.10437983
TEST_0772,0.4173853
TEST_0773,0.007182344
TEST_0774,0.28039452
TEST_0775,0.030106045
TEST_0776,0.61307794
TEST_0777,0.13200003
TEST_0778,0.5194745
TEST_0779,0.5682763
TEST_0780,0.8295258
TEST_0781,0.038017895
TEST_0782,0.11789181
TEST_0783,0.0229674
TEST_0784,0.044228707
TEST_0785,0.520003
TEST_0786,0.26916984
TEST_0787,0.13057885
TEST_0788,0.85244894
TEST_0789,0.35295755
TEST_0790,0.09326545
TEST_0791,0.7073315
TEST_0792,0.21500127
TEST_0793,0.08236516
TEST_0794,0.16038774
TEST_0795,0.03373085
TEST_0796,0.08726231
TEST_0797,0.52694285
TEST_0798,0.6129953
TEST_0799,0.078289226
TEST_0800,0.56376725
TEST_0801,0.7930082
TEST_0802,0.39769512
TEST_0803,0.2780616
TEST_0804,0.29839393
TEST_0805,0.028666466
TEST_0806,0.2282068
TEST_0807,0.036562797
TEST_0808,0.2030556
TEST_0809,0.07490839
TEST_0810,0.6786752
TEST_0811,0.061163854
TEST_0812,0.40312093
TEST_0813,0.046463627
TEST_0814,0.47486097
TEST_0815,0.16060682
TEST_0816,0.7108503
TEST_0817,0.041549288
TEST_0818,0.22107272
TEST_0819,0.4592026
TEST_0820,0.44075185
TEST_0821,0.07786763
TEST_0822,0.5554392
TEST_0823,0.078197904
TEST_0824,0.264815
TEST_0825,0.01737345
TEST_0826,0.038370583
TEST_0827,0.032404598
TEST_0828,0.38772714
TEST_0829,0.7308671
TEST_0830,0.12939975
TEST_0831,0.58928126
TEST_0832,0.26511896
TEST_0833,0.44377246
TEST_0834,0.12175228
TEST_0835,0.11308167
TEST_0836,0.14151733
TEST_0837,0.11627981
TEST_0838,0.58423376
TEST_0839,0.026716448
TEST_0840,0.008446242
TEST_0841,0.03571013
TEST_0842,0.15537335
TEST_0843,0.29381186
TEST_0844,0.6935191
TEST_0845,0.07300978
TEST_0846,0.11303768
TEST_0847,0.4673046
TEST_0848,0.47090155
TEST_0849,0.45120552
TEST_0850,0.28764257
TEST_0851,0.21209627
TEST_0852,0.37697047
TEST_0853,0.15631658
TEST_0854,0.21700892
TEST_0855,0.13079102
TEST_0856,0.44601285
TEST_0857,0.60981774
TEST_0858,0.10486046
TEST_0859,0.20563845
TEST_0860,0.3482461
TEST_0861,0.12133597
TEST_0862,0.26692903
TEST_0863,0.14779411
TEST_0864,0.6964408
TEST_0865,0.1655378
TEST_0866,0.25248528
TEST_0867,0.2725456
TEST_0868,0.12967624
TEST_0869,0.5084181
TEST_0870,0.17084897
TEST_0871,0.040734317
TEST_0872,0.1955954
TEST_0873,0.30808216
TEST_0874,0.20480023
TEST_0875,0.72427195
TEST_0876,0.48063734
TEST_0877,0.49445587
TEST_0878,0.103330374
TEST_0879,0.3922871
TEST_0880,0.16310985
TEST_0881,0.0075334986
TEST_0882,0.7129062
TEST_0883,0.4773733
TEST_0884,0.08301843
TEST_0885,0.060069125
TEST_0886,0.3309972
TEST_0887,0.27283296
TEST_0888,0.45736787
TEST_0889,0.048748143
TEST_0890,0.25978392
TEST_0891,0.019011512
TEST_0892,0.7032948
TEST_0893,0.14677405
TEST_0894,0.16496934
TEST_0895,0.5714085
TEST_0896,0.3955049
TEST_0897,0.28698578
TEST_0898,0.29337776
TEST_0899,0.32617924
TEST_0900,0.30443874
TEST_0901,0.2752507
TEST_0902,0.5117539
TEST_0903,0.008644685
TEST_0904,0.48499078
TEST_0905,0.2977777
TEST_0906,0.39278916
TEST_0907,0.1245335
TEST_0908,0.12386586
TEST_0909,0.31615138
TEST_0910,0.26365507
TEST_0911,0.17020442
TEST_0912,0.46319357
TEST_0913,0.14284958
TEST_0914,0.16693933
TEST_0915,0.33874506
TEST_0916,0.1673187
TEST_0917,0.07945412
TEST_0918,0.31210393
TEST_0919,0.010694585
TEST_0920,0.04620573
TEST_0921,0.061685354
TEST_0922,0.33175105
TEST_0923,0.57670265
TEST_0924,0.082063206
TEST_0925,0.20209599
TEST_0926,0.03714405
TEST_0927,0.19504608
TEST_0928,0.10166883
TEST_0929,0.13229987
TEST_0930,0.16305004
TEST_0931,0.0075848973
TEST_0932,0.048617516
TEST_0933,0.045530397
TEST_0934,0.07285306
TEST_0935,0.6127679
TEST_0936,0.39586398
TEST_0937,0.009545139
TEST_0938,0.076500006
TEST_0939,0.027111877
TEST_0940,0.3109434
TEST_0941,0.1654249
TEST_0942,0.4650026
TEST_0943,0.21539924
TEST_0944,0.26992413
TEST_0945,0.26917163
TEST_0946,0.0048412955
TEST_0947,0.22792345
TEST_0948,0.21644019
TEST_0949,0.06583889
TEST_0950,0.24099275
TEST_0951,0.5649306
TEST_0952,0.089137346
TEST_0953,0.27224034
TEST_0954,0.106159404
TEST_0955,0.30376995
TEST_0956,0.30610117
TEST_0957,0.32034302
TEST_0958,0.4346202
TEST_0959,0.78542745
TEST_0960,0.014605448
TEST_0961,0.4993662
TEST_0962,0.25905755
TEST_0963,0.01755761
TEST_0964,0.37281746
TEST_0965,0.18623242
TEST_0966,0.7224693
TEST_0967,0.18130417
TEST_0968,0.11385823
TEST_0969,0.10365341
TEST_0970,0.19757184
TEST_0971,0.09499897
TEST_0972,0.21704094
TEST_0973,0.06404724
TEST_0974,0.1276859
TEST_0975,0.5136623
TEST_0976,0.0063584503
TEST_0977,0.031244142
TEST_0978,0.012447895
TEST_0979,0.27135262
TEST_0980,0.35279697
TEST_0981,0.55057454
TEST_0982,0.176275
TEST_0983,0.28758615
TEST_0984,0.0025569324
TEST_0985,0.7247763
TEST_0986,0.044876702
TEST_0987,0.4458218
TEST_0988,0.08629657
TEST_0989,0.25074053
TEST_0990,0.300446
TEST_0991,0.15719524
TEST_0992,0.3691922
TEST_0993,0.5159838
TEST_0994,0.09925489
TEST_0995,0.014985122
TEST_0996,0.012930292
TEST_0997,0.09999983
TEST_0998,0.4495259
TEST_0999,0.3745343
TEST_1000,0.41866124
TEST_1001,0.24534653
TEST_1002,0.28777957
TEST_1003,0.20857467
TEST_1004,0.46366984
TEST_1005,0.2024214
TEST_1006,0.4100464
TEST_1007,0.80781525
TEST_1008,0.34440088
TEST_1009,0.17341256
TEST_1010,0.51030856
TEST_1011,0.16384025
TEST_1012,0.105179526
TEST_1013,0.13067988
TEST_1014,0.5166309
TEST_1015,0.0843496
TEST_1016,0.004959037
TEST_1017,0.034862474
TEST_1018,0.019487033
TEST_1019,0.33531114
TEST_1020,0.03185824
TEST_1021,0.34052846
TEST_1022,0.19308262
TEST_1023,0.39276877
TEST_1024,0.021008851
TEST_1025,0.006099698
TEST_1026,0.5362532
TEST_1027,0.19648986
TEST_1028,0.50887036
TEST_1029,0.47895417
TEST_1030,0.13418978
TEST_1031,0.29727256
TEST_1032,0.2562349
TEST_1033,0.39034897
TEST_1034,0.14994344
TEST_1035,0.040713992
TEST_1036,0.04743757
TEST_1037,0.19490096
TEST_1038,0.34052092
TEST_1039,0.39309207
TEST_1040,0.038848978
TEST_1041,0.54495656
TEST_1042,0.15522328
TEST_1043,0.1879561
TEST_1044,0.1088658
TEST_1045,0.63268435
TEST_1046,0.543114
TEST_1047,0.5240785
TEST_1048,0.19744605
TEST_1049,0.08278034
TEST_1050,0.03291039
TEST_1051,0.23038277
TEST_1052,0.24570242
TEST_1053,0.2659044
TEST_1054,0.41816187
TEST_1055,0.5220793
TEST_1056,0.7163286
TEST_1057,0.3671206
TEST_1058,0.055667285
TEST_1059,0.23658635
TEST_1060,0.20156294
TEST_1061,0.045062684
TEST_1062,0.91718644
TEST_1063,0.39568898
TEST_1064,0.0931724
TEST_1065,0.75559574
TEST_1066,0.11609838
TEST_1067,0.30170038
TEST_1068,0.3605594
TEST_1069,0.47912902
TEST_1070,0.20900361
TEST_1071,0.12463395
TEST_1072,0.13067883
TEST_1073,0.06567464
TEST_1074,0.216038
TEST_1075,0.37520516
TEST_1076,0.36689126
TEST_1077,0.0062741432
TEST_1078,0.17169784
TEST_1079,0.02861617
TEST_1080,0.27169904
TEST_1081,0.010251674
TEST_1082,0.13110825
TEST_1083,0.45054805
TEST_1084,0.088683635
TEST_1085,0.036719717
TEST_1086,0.5834076
TEST_1087,0.25491533
TEST_1088,0.3554404
TEST_1089,0.3987223
TEST_1090,0.5618261
TEST_1091,0.30289415
TEST_1092,0.060626727
TEST_1093,0.1128023
TEST_1094,0.07063149
TEST_1095,0.29040465
TEST_1096,0.26142636
TEST_1097,0.14238505
TEST_1098,0.18993866
TEST_1099,0.5212253
TEST_1100,0.41023844
TEST_1101,0.16002716
TEST_1102,0.59475106
TEST_1103,0.053554717
TEST_1104,0.10345704
TEST_1105,0.08826638
TEST_1106,0.08874713
TEST_1107,0.045034807
TEST_1108,0.52607054
TEST_1109,0.5175115
TEST_1110,0.3781745
TEST_1111,0.6130929
TEST_1112,0.041139327
TEST_1113,0.044266883
TEST_1114,0.11425409
TEST_1115,0.04978283
TEST_1116,0.42066133
TEST_1117,0.4159134
TEST_1118,0.33781412
TEST_1119,0.45297512
TEST_1120,0.44080457
TEST_1121,0.13402337
TEST_1122,0.17991136
TEST_1123,0.564184
TEST_1124,0.13607036
TEST_1125,0.5250423
TEST_1126,0.079682715
TEST_1127,0.21740147
TEST_1128,0.31942278
TEST_1129,0.49687257
TEST_1130,0.4267187
TEST_1131,0.30400974
TEST_1132,0.3377668
TEST_1133,0.049148846
TEST_1134,0.581333
TEST_1135,0.37092644
TEST_1136,0.6061307
TEST_1137,0.05590416
TEST_1138,0.8354716
TEST_1139,0.038244594
TEST_1140,0.19855823
TEST_1141,0.45616966
TEST_1142,0.07927253
TEST_1143,0.09711667
TEST_1144,0.1555348
TEST_1145,0.41203365
TEST_1146,0.6025097
TEST_1147,0.86089575
TEST_1148,0.0890813
TEST_1149,0.5042111
TEST_1150,0.46454954
TEST_1151,0.57645583
TEST_1152,0.17507732
TEST_1153,0.19184898
TEST_1154,0.13282903
TEST_1155,0.3367029
TEST_1156,0.28911495
TEST_1157,0.33554703
TEST_1158,0.03520015
TEST_1159,0.10537344
TEST_1160,0.24131523
TEST_1161,0.21096101
TEST_1162,0.18417098
TEST_1163,0.017264204
TEST_1164,0.24771684
TEST_1165,0.40719175
TEST_1166,0.32014307
TEST_1167,0.7599622
TEST_1168,0.6585117
TEST_1169,0.4240072
TEST_1170,0.12715766
TEST_1171,0.3122714
TEST_1172,0.041753177
TEST_1173,0.27784732
TEST_1174,0.104889445
TEST_1175,0.29055366
TEST_1176,0.09958774
TEST_1177,0.3070643
TEST_1178,0.076381676
TEST_1179,0.18939182
TEST_1180,0.66347086
TEST_1181,0.037398644
TEST_1182,0.009283911
TEST_1183,0.78953755
TEST_1184,0.19095023
TEST_1185,0.2145921
TEST_1186,0.19345282
TEST_1187,0.3644458
TEST_1188,0.1528198
TEST_1189,0.17230362
TEST_1190,0.67787975
TEST_1191,0.10267563
TEST_1192,0.12158443
TEST_1193,0.44500595
TEST_1194,0.107288666
TEST_1195,0.8801027
TEST_1196,0.28090766
TEST_1197,0.4565365
TEST_1198,0.13848759
TEST_1199,0.754978
TEST_1200,0.21923852
TEST_1201,0.3005335
TEST_1202,0.18810093
TEST_1203,0.45619458
TEST_1204,0.029802054
TEST_1205,0.002334031
TEST_1206,0.03658142
TEST_1207,0.277054
TEST_1208,0.31734383
TEST_1209,0.30277961
TEST_1210,0.2705632
TEST_1211,0.15675376
TEST_1212,0.04784996
TEST_1213,0.30301335
TEST_1214,0.09547272
TEST_1215,0.7474891
TEST_1216,0.805077
TEST_1217,0.019490376
TEST_1218,0.23571679
TEST_1219,0.0024473357
TEST_1220,0.012385114
TEST_1221,0.055844292
TEST_1222,0.073895246
TEST_1223,0.07357428
TEST_1224,0.3235966
TEST_1225,0.39714324
TEST_1226,0.2222291
TEST_1227,0.20071936
TEST_1228,0.02097055
TEST_1229,0.19655441
TEST_1230,0.032473773
TEST_1231,0.28179154
TEST_1232,0.2756114
TEST_1233,0.116067104
TEST_1234,0.046920057
TEST_1235,0.50751716
TEST_1236,0.77152175
TEST_1237,0.06942058
TEST_1238,0.5494935
TEST_1239,0.5186992
TEST_1240,0.15141481
TEST_1241,0.081522234
TEST_1242,0.16629507
TEST_1243,0.017117403
TEST_1244,0.41751242
TEST_1245,0.31405982
TEST_1246,0.49170595
TEST_1247,0.055587776
TEST_1248,0.15181299
TEST_1249,0.14048699
TEST_1250,0.011764796
TEST_1251,0.09592665
TEST_1252,0.4265291
TEST_1253,0.5234221
TEST_1254,0.426729
TEST_1255,0.018636208
TEST_1256,0.14014198
TEST_1257,0.27903476
TEST_1258,0.35185963
TEST_1259,0.36050674
TEST_1260,0.6142395
TEST_1261,0.054659218
TEST_1262,0.23153251
TEST_1263,0.030161725
TEST_1264,0.07928339
TEST_1265,0.27054778
TEST_1266,0.23255901
TEST_1267,0.2911551
TEST_1268,0.009787014
TEST_1269,0.5629939
TEST_1270,0.50331783
TEST_1271,0.1609877
TEST_1272,0.045176577
TEST_1273,0.22495662
TEST_1274,0.018472426
TEST_1275,0.17223005
TEST_1276,0.6304704
TEST_1277,0.008759027
TEST_1278,0.7810499
TEST_1279,0.27809757
TEST_1280,0.45359784
TEST_1281,0.25214797
TEST_1282,0.001910394
TEST_1283,0.038709078
TEST_1284,0.29686585
TEST_1285,0.065525144
TEST_1286,0.169155
TEST_1287,0.22259034
TEST_1288,0.15414284
TEST_1289,0.20364788
TEST_1290,0.8549949
TEST_1291,0.031681873
TEST_1292,0.060722806
TEST_1293,0.40958512
TEST_1294,0.3351978
TEST_1295,0.028994266
TEST_1296,0.094003014
TEST_1297,0.21801223
TEST_1298,0.4702567
TEST_1299,0.04117936
TEST_1300,0.13881868
TEST_1301,0.36741272
TEST_1302,0.28276187
TEST_1303,0.27639642
TEST_1304,0.25855753
TEST_1305,0.35544854
TEST_1306,0.17715952
TEST_1307,0.016841266
TEST_1308,0.0394807
TEST_1309,0.31098312
TEST_1310,0.5607611
TEST_1311,0.28620094
TEST_1312,0.5157236
TEST_1313,0.5679039
TEST_1314,0.47010615
TEST_1315,0.04687083
TEST_1316,0.19669461
TEST_1317,0.13021657
TEST_1318,0.22753304
TEST_1319,0.5742636
TEST_1320,0.3461776
TEST_1321,0.096897505
TEST_1322,0.56275195
TEST_1323,0.438186
TEST_1324,0.207903
TEST_1325,0.3243214
TEST_1326,0.36447138
TEST_1327,0.3080865
TEST_1328,0.106599145
TEST_1329,0.25063574
TEST_1330,0.4554801
TEST_1331,0.38311347
TEST_1332,0.32452053
TEST_1333,0.09186748
TEST_1334,0.20175138
TEST_1335,0.28764352
TEST_1336,0.029051248
TEST_1337,0.28952646
TEST_1338,0.40371054
TEST_1339,0.255427
TEST_1340,0.7657333
TEST_1341,0.17518203
TEST_1342,0.32327345
TEST_1343,0.33606553
TEST_1344,0.4988321
TEST_1345,0.33378586
TEST_1346,0.6175477
TEST_1347,0.18007688
TEST_1348,0.6309523
TEST_1349,0.02292779
TEST_1350,0.32473382
TEST_1351,0.65524095
TEST_1352,0.11753179
TEST_1353,0.30547416
TEST_1354,0.04503048
TEST_1355,0.23998845
TEST_1356,0.01025181
TEST_1357,0.05127091
TEST_1358,0.028283844
TEST_1359,0.20845579
TEST_1360,0.10549194
TEST_1361,0.11717575
TEST_1362,0.12505288
TEST_1363,0.15385287
TEST_1364,0.7105635
TEST_1365,0.658654
TEST_1366,0.19540682
TEST_1367,0.12844971
TEST_1368,0.6345543
TEST_1369,0.8142039
TEST_1370,0.34551123
TEST_1371,0.5471495
TEST_1372,0.7168768
TEST_1373,0.27330178
TEST_1374,0.019084295
TEST_1375,0.18313396
TEST_1376,0.10715906
TEST_1377,0.46009123
TEST_1378,0.4237793
TEST_1379,0.819681
TEST_1380,0.092758425
TEST_1381,0.25383767
TEST_1382,0.46299452
TEST_1383,0.019389555
TEST_1384,0.24825935
TEST_1385,0.49775907
TEST_1386,0.25285277
TEST_1387,0.10595579
TEST_1388,0.68352085
TEST_1389,0.10554856
TEST_1390,0.02359787
TEST_1391,0.012387723
TEST_1392,0.2582483
TEST_1393,0.011037982
TEST_1394,0.58038056
TEST_1395,0.62098306
TEST_1396,0.39576852
TEST_1397,0.16233675
TEST_1398,0.63549984
TEST_1399,0.3078674
TEST_1400,0.33698565
TEST_1401,0.010208216
TEST_1402,0.070249766
TEST_1403,0.19562876
TEST_1404,0.14320517
TEST_1405,0.179716
TEST_1406,0.17732045
TEST_1407,0.22800888
TEST_1408,0.17505467
TEST_1409,0.29371816
TEST_1410,0.042880077
TEST_1411,0.13677457
TEST_1412,0.043171424
TEST_1413,0.0086950315
TEST_1414,0.11741627
TEST_1415,0.3198125
TEST_1416,0.36479047
TEST_1417,0.41536307
TEST_1418,0.05945473
TEST_1419,0.3316009
TEST_1420,0.10657858
TEST_1421,0.24403723
TEST_1422,0.6897292
TEST_1423,0.5803032
TEST_1424,0.5525151
TEST_1425,0.069179945
TEST_1426,0.10620289
TEST_1427,0.2506578
TEST_1428,0.22490487
TEST_1429,0.36168826
TEST_1430,0.53438383
TEST_1431,0.42883554
TEST_1432,0.030082041
TEST_1433,0.43085656
TEST_1434,0.6194545
TEST_1435,0.5945609
TEST_1436,0.07145525
TEST_1437,0.3332054
TEST_1438,0.13786456
TEST_1439,0.11098832
TEST_1440,0.84353405
TEST_1441,0.08859736
TEST_1442,0.10600727
TEST_1443,0.34561846
TEST_1444,0.472135
TEST_1445,0.11057468
TEST_1446,0.97216517
TEST_1447,0.19744126
TEST_1448,0.15961994
TEST_1449,0.04697776
TEST_1450,0.13454625
TEST_1451,0.51757294
TEST_1452,0.35654917
TEST_1453,0.1256995
TEST_1454,0.23998062
TEST_1455,0.2524708
TEST_1456,0.42955148
TEST_1457,0.049775265
TEST_1458,0.84800965
TEST_1459,0.037869312
TEST_1460,0.027807113
TEST_1461,0.0048432257
TEST_1462,0.017977942
TEST_1463,0.59878397
TEST_1464,0.3542527
TEST_1465,0.16304292
TEST_1466,0.010092035
TEST_1467,0.28115243
TEST_1468,0.6504792
TEST_1469,0.006648172
TEST_1470,0.5898971
TEST_1471,0.5853397
TEST_1472,0.12948893
TEST_1473,0.031301722
TEST_1474,0.10786578
TEST_1475,0.028333956
TEST_1476,0.09485736
TEST_1477,0.05477438
TEST_1478,0.55300564
TEST_1479,0.12153686
TEST_1480,0.26254386
TEST_1481,0.36384103
TEST_1482,0.40973085
TEST_1483,0.09489194
TEST_1484,0.26463577
TEST_1485,0.2864728
TEST_1486,0.45619705
TEST_1487,0.113893546
TEST_1488,0.66970736
TEST_1489,0.6195843
TEST_1490,0.05137811
TEST_1491,0.23925981
TEST_1492,0.017795235
TEST_1493,0.2049026
TEST_1494,0.06745119
TEST_1495,0.17345415
TEST_1496,0.22351937
TEST_1497,0.23307635
TEST_1498,0.6318133
TEST_1499,0.66765815
TEST_1500,0.05441455
TEST_1501,0.26444867
TEST_1502,0.30302158
TEST_1503,0.25940922
TEST_1504,0.83275026
TEST_1505,0.6630313
TEST_1506,0.18706433
TEST_1507,0.40194172
TEST_1508,0.7422582
TEST_1509,0.33043694
TEST_1510,0.088664606
TEST_1511,0.34558105
TEST_1512,0.93249017
TEST_1513,0.17040546
TEST_1514,0.09726353
TEST_1515,0.39028567
TEST_1516,0.27166933
TEST_1517,0.38205203
TEST_1518,0.061420728
TEST_1519,0.20412718
TEST_1520,0.28723955
TEST_1521,0.11287779
TEST_1522,0.31687868
TEST_1523,0.63321584
TEST_1524,0.35247827
TEST_1525,0.24980968
TEST_1526,0.5315798
TEST_1527,0.4260469
TEST_1528,0.10672693
TEST_1529,0.34524545
TEST_1530,0.30338398
TEST_1531,0.3821557
TEST_1532,0.21608976
TEST_1533,0.44629788
TEST_1534,0.33221084
TEST_1535,0.23800057
TEST_1536,0.15065001
TEST_1537,0.2961921
TEST_1538,0.23683758
TEST_1539,0.28111556
TEST_1540,0.12733443
TEST_1541,0.062909044
TEST_1542,0.82105225
TEST_1543,0.096776605
TEST_1544,0.19190888
TEST_1545,0.62675583
TEST_1546,0.121497594
TEST_1547,0.17648971
TEST_1548,0.14476982
TEST_1549,0.14659902
TEST_1550,0.35357964
TEST_1551,0.33200803
TEST_1552,0.42643204
TEST_1553,0.18846749
TEST_1554,0.1099956
TEST_1555,0.30164194
TEST_1556,0.03923888
TEST_1557,0.062491417
TEST_1558,0.6126096
TEST_1559,0.1685336
TEST_1560,0.1776408
TEST_1561,0.38015524
TEST_1562,0.46571326
TEST_1563,0.5062971
TEST_1564,0.04991179
TEST_1565,0.44090372
TEST_1566,0.09877768
TEST_1567,0.5472231
TEST_1568,0.14429517
TEST_1569,0.034951627
TEST_1570,0.2784475
TEST_1571,0.26442027
TEST_1572,0.4065679
TEST_1573,0.42957482
TEST_1574,0.5672761
TEST_1575,0.20835233
TEST_1576,0.7483852
TEST_1577,0.37454033
TEST_1578,0.20090164
TEST_1579,0.23935845
TEST_1580,0.28642473
TEST_1581,0.011609174
TEST_1582,0.23810925
TEST_1583,0.08965357
TEST_1584,0.1988815
TEST_1585,0.3208469
TEST_1586,0.0787412
TEST_1587,0.16291383
TEST_1588,0.22104225
TEST_1589,0.15941243
TEST_1590,0.52974117
TEST_1591,0.2607969
TEST_1592,0.32063344
TEST_1593,0.40463278
TEST_1594,0.15325832
TEST_1595,0.4738949
TEST_1596,0.19899333
TEST_1597,0.3077522
TEST_1598,0.20681459
TEST_1599,0.5555958
TEST_1600,0.2044087
TEST_1601,0.19312407
TEST_1602,0.009957696
TEST_1603,0.07390267
TEST_1604,0.95408446
TEST_1605,0.4786592
TEST_1606,0.0010196286
TEST_1607,0.020075023
TEST_1608,0.020021543
TEST_1609,0.320112
TEST_1610,0.2018891
TEST_1611,0.17415309
TEST_1612,0.6858407
TEST_1613,0.04225489
TEST_1614,0.23177534
TEST_1615,0.5625997
TEST_1616,0.793366
TEST_1617,0.013234145
TEST_1618,0.10769367
TEST_1619,0.09380224
TEST_1620,0.07238911
TEST_1621,0.334928
TEST_1622,0.042378094
TEST_1623,0.101353414
TEST_1624,0.1974819
TEST_1625,0.37579426
TEST_1626,0.6885826
TEST_1627,0.3774699
TEST_1628,0.54332054
TEST_1629,0.31770495
TEST_1630,0.16314842
TEST_1631,0.01402121
TEST_1632,0.21340132
TEST_1633,0.32426134
TEST_1634,0.016040357
TEST_1635,0.13176131
TEST_1636,0.42433968
TEST_1637,0.13974203
TEST_1638,0.6154645
TEST_1639,0.5315859
TEST_1640,0.3081241
TEST_1641,0.13215876
TEST_1642,0.005493855
TEST_1643,0.34502465
TEST_1644,0.7146764
TEST_1645,0.1341472
TEST_1646,0.22473095
TEST_1647,0.028935803
TEST_1648,0.34556744
TEST_1649,0.12764214
TEST_1650,0.13255657
TEST_1651,0.17054011
TEST_1652,0.12726687
TEST_1653,0.09103445
TEST_1654,0.13308138
TEST_1655,0.5449954
TEST_1656,0.040408056
TEST_1657,0.35585928
TEST_1658,0.02948576
TEST_1659,0.5241958
TEST_1660,0.31958887
TEST_1661,0.14347109
TEST_1662,0.3402695
TEST_1663,0.6191963
TEST_1664,0.37050632
TEST_1665,0.06692292
TEST_1666,0.5226676
TEST_1667,0.18916409
TEST_1668,0.2238326
TEST_1669,0.2685608
TEST_1670,0.061769716
TEST_1671,0.25525334
TEST_1672,0.06609956
TEST_1673,0.17841126
TEST_1674,0.032561395
TEST_1675,0.7311529
TEST_1676,0.17694755
TEST_1677,0.12424983
TEST_1678,0.5650682
TEST_1679,0.15420392
TEST_1680,0.45173058
TEST_1681,0.3699052
TEST_1682,0.16520335
TEST_1683,0.53387487
TEST_1684,0.6701689
TEST_1685,0.23875214
TEST_1686,0.18256876
TEST_1687,0.59056175
TEST_1688,0.31697252
TEST_1689,0.024078807
TEST_1690,0.24423598
TEST_1691,0.14013831
TEST_1692,0.0102024125
TEST_1693,0.53262526
TEST_1694,0.052653275
TEST_1695,0.11673872
TEST_1696,0.5471516
TEST_1697,0.20358944
TEST_1698,0.20677747
TEST_1699,0.5239962
TEST_1700,0.0683956
TEST_1701,0.39354604
TEST_1702,0.19518378
TEST_1703,0.19834626
TEST_1704,0.46691895
TEST_1705,0.17451195
TEST_1706,0.26806623
TEST_1707,0.48721218
TEST_1708,0.04568083
TEST_1709,0.04162766
TEST_1710,0.20613943
TEST_1711,0.010867345
TEST_1712,0.63544345
TEST_1713,0.15381347
TEST_1714,0.12167162
TEST_1715,0.164314
TEST_1716,0.29467756
TEST_1717,0.38545847
TEST_1718,0.5676266
TEST_1719,0.2693808
TEST_1720,0.44144398
TEST_1721,0.22703937
TEST_1722,0.36327437
TEST_1723,0.05487214
TEST_1724,0.04342668
TEST_1725,0.07486258
TEST_1726,0.020937758
TEST_1727,0.16450788
TEST_1728,0.18128985
TEST_1729,0.4497328
TEST_1730,0.27124336
TEST_1731,0.11451464
TEST_1732,0.6827555
TEST_1733,0.46328
TEST_1734,0.20730677
TEST_1735,0.13944198
TEST_1736,0.65467596
TEST_1737,0.6894239
TEST_1738,0.11285988
TEST_1739,0.08850541
TEST_1740,0.46929085
TEST_1741,0.047979902
TEST_1742,0.25806835
TEST_1743,0.39935988
TEST_1744,0.14282152
TEST_1745,0.096629195
TEST_1746,0.46350235
TEST_1747,0.7474825
TEST_1748,0.40930936
TEST_1749,0.09409572
TEST_1750,0.044369686
TEST_1751,0.069045454
TEST_1752,0.27647817
TEST_1753,0.08262239
TEST_1754,0.43193695
TEST_1755,0.45336092
TEST_1756,0.070047654
TEST_1757,0.79503715
TEST_1758,0.05373047
TEST_1759,0.6512048
TEST_1760,0.2609052
TEST_1761,0.36787254
TEST_1762,0.05234269
TEST_1763,0.053937268
TEST_1764,0.5304785
TEST_1765,0.009163863
TEST_1766,0.6595978
TEST_1767,0.4397007
TEST_1768,0.37933588
TEST_1769,0.048859905
TEST_1770,0.79415226
TEST_1771,0.10454562
TEST_1772,0.5556317
TEST_1773,0.07746322
TEST_1774,0.8477865
TEST_1775,0.12235422
TEST_1776,0.7736653
TEST_1777,0.11449517
TEST_1778,0.02667487
TEST_1779,0.3597022
TEST_1780,0.61759484
TEST_1781,0.25870305
TEST_1782,0.46606982
TEST_1783,0.46022233
TEST_1784,0.4181684
TEST_1785,0.13700521
TEST_1786,0.2031616
TEST_1787,0.49895245
TEST_1788,0.28442177
TEST_1789,0.12147215
TEST_1790,0.048854012
TEST_1791,0.46614307
TEST_1792,0.27499092
TEST_1793,0.34784982
TEST_1794,0.37792766
TEST_1795,0.31332055
TEST_1796,0.059628785
TEST_1797,0.6106694
TEST_1798,0.02603631
TEST_1799,0.32089266
TEST_1800,0.17507727
TEST_1801,0.28831863
TEST_1802,0.10439384
TEST_1803,0.10379342
TEST_1804,0.052634988
TEST_1805,0.75795037
TEST_1806,0.18887506
TEST_1807,0.20994522
TEST_1808,0.30986258
TEST_1809,0.5086866
TEST_1810,0.09618588
TEST_1811,0.4974565
TEST_1812,0.004815764
TEST_1813,0.36029652
TEST_1814,0.11031079
TEST_1815,0.34373426
TEST_1816,0.1681285
TEST_1817,0.6953333
TEST_1818,0.3299287
TEST_1819,0.27116954
TEST_1820,0.20762186
TEST_1821,0.5302721
TEST_1822,0.89821196
TEST_1823,0.13072175
TEST_1824,0.339413
TEST_1825,0.27197236
TEST_1826,0.24592324
TEST_1827,0.09624695
TEST_1828,0.17170697
TEST_1829,0.57389206
TEST_1830,0.046458654
TEST_1831,0.18624653
TEST_1832,0.41393936
TEST_1833,0.2686404
TEST_1834,0.645696
TEST_1835,0.1470753
TEST_1836,0.3029051
TEST_1837,0.18496296
TEST_1838,0.21288441
TEST_1839,0.18800329
TEST_1840,0.23658308
TEST_1841,0.10477529
TEST_1842,0.2113672
TEST_1843,0.08333098
TEST_1844,0.6568062
TEST_1845,0.009541136
TEST_1846,0.123934105
TEST_1847,0.3077652
TEST_1848,0.39600778
TEST_1849,0.024631748
TEST_1850,0.19395395
TEST_1851,0.1115405
TEST_1852,0.65277255
TEST_1853,0.586231
TEST_1854,0.25336146
TEST_1855,0.6409154
TEST_1856,0.09574324
TEST_1857,0.3396576
TEST_1858,0.28461656
TEST_1859,0.30598822
TEST_1860,0.5449227
TEST_1861,0.021030469
TEST_1862,0.35860816
TEST_1863,0.17379948
TEST_1864,0.39022675
TEST_1865,0.35273397
TEST_1866,0.33618194
TEST_1867,0.68495715
TEST_1868,0.28086337
TEST_1869,0.28297177
TEST_1870,0.02061
TEST_1871,0.027947824
TEST_1872,0.78969747
TEST_1873,0.124906115
TEST_1874,0.4117501
TEST_1875,0.0040188236
TEST_1876,0.5346571
TEST_1877,0.08757085
TEST_1878,0.29437917
TEST_1879,0.55259037
TEST_1880,0.05119909
TEST_1881,0.2798118
TEST_1882,0.3506828
TEST_1883,0.16242191
TEST_1884,0.18533842
TEST_1885,0.744485
TEST_1886,0.18098313
TEST_1887,0.05934345
TEST_1888,0.1424037
TEST_1889,0.07124245
TEST_1890,0.16532277
TEST_1891,0.7162191
TEST_1892,0.06608495
TEST_1893,0.1520463
TEST_1894,0.038386077
TEST_1895,0.5923197
TEST_1896,0.35698757
TEST_1897,0.07805589
TEST_1898,0.018743023
TEST_1899,0.3747794
TEST_1900,0.078506514
TEST_1901,0.5367547
TEST_1902,0.01513962
TEST_1903,0.23818871
TEST_1904,0.05862441
TEST_1905,0.009479067
TEST_1906,0.14796433
TEST_1907,0.027241208
TEST_1908,0.34172645
TEST_1909,0.106122665
TEST_1910,0.59437287
TEST_1911,0.052621294
TEST_1912,0.07800624
TEST_1913,0.081511386
TEST_1914,0.7778301
TEST_1915,0.33745643
TEST_1916,0.023676077
TEST_1917,0.072073214
TEST_1918,0.027652636
TEST_1919,0.012429743
TEST_1920,0.12782183
TEST_1921,0.10798276
TEST_1922,0.021640375
TEST_1923,0.15891941
TEST_1924,0.01971738
TEST_1925,0.17629017
TEST_1926,0.60309035
TEST_1927,0.33794454
TEST_1928,0.19407873
TEST_1929,0.73035866
TEST_1930,0.017751973
TEST_1931,0.33002555
TEST_1932,0.04397123
TEST_1933,0.4812828
TEST_1934,0.010742782
TEST_1935,0.096829094
TEST_1936,0.5125144
TEST_1937,0.48992527
TEST_1938,0.23204662
TEST_1939,0.032094527
TEST_1940,0.031839717
TEST_1941,0.09468618
TEST_1942,0.15107623
TEST_1943,0.12634957
TEST_1944,0.109020665
TEST_1945,0.24027705
TEST_1946,0.3120221
TEST_1947,0.14382216
TEST_1948,0.44936734
TEST_1949,0.3716991
TEST_1950,0.2465277
TEST_1951,0.09825164
TEST_1952,0.049547702
TEST_1953,0.521753
TEST_1954,0.13734198
TEST_1955,0.15725325
TEST_1956,0.00078481145
TEST_1957,0.45356733
TEST_1958,0.09713127
TEST_1959,0.36623
TEST_1960,0.2032293
TEST_1961,0.0051592533
TEST_1962,0.34791082
TEST_1963,0.25595155
TEST_1964,0.46328178
TEST_1965,0.4108753
TEST_1966,0.056721486
TEST_1967,0.42922097
TEST_1968,0.04744302
TEST_1969,0.098911196
TEST_1970,0.07518429
TEST_1971,0.3857887
TEST_1972,0.50351006
TEST_1973,0.67898566
TEST_1974,0.17424618
TEST_1975,0.10859449
TEST_1976,0.54270095
TEST_1977,0.16212787
TEST_1978,0.3069227
TEST_1979,0.011321533
TEST_1980,0.027198216
TEST_1981,0.09709059
TEST_1982,0.015307496
TEST_1983,0.24077348
TEST_1984,0.015663877
TEST_1985,0.073322386
TEST_1986,0.108739786
TEST_1987,0.5774073
TEST_1988,0.55232584
TEST_1989,0.14081189
TEST_1990,0.62784386
TEST_1991,0.39432502
TEST_1992,0.036271583
TEST_1993,0.0370124
TEST_1994,0.0860279
TEST_1995,0.06816167
TEST_1996,0.47259337
TEST_1997,0.16885507
TEST_1998,0.2336152
TEST_1999,0.2677485
TEST_2000,0.1640804
TEST_2001,0.38607562
TEST_2002,0.64414054
TEST_2003,0.6398557
TEST_2004,0.0014039509
TEST_2005,0.48944572
TEST_2006,0.2376087
TEST_2007,0.16784829
TEST_2008,0.022938764
TEST_2009,0.27033705
TEST_2010,0.13129108
TEST_2011,0.19382195
TEST_2012,0.2022898
TEST_2013,0.298845
TEST_2014,0.011977712
TEST_2015,0.077835
TEST_2016,0.57055783
TEST_2017,0.1215146
TEST_2018,0.041354857
TEST_2019,0.45669404
TEST_2020,0.40661913
TEST_2021,0.2379663
TEST_2022,0.3982939
TEST_2023,0.24856843
TEST_2024,0.094191454
TEST_2025,0.0011882331
TEST_2026,0.1451348
TEST_2027,0.21293585
TEST_2028,0.073214225
TEST_2029,0.37243637
TEST_2030,0.3965952
TEST_2031,0.20469844
TEST_2032,0.2540675
TEST_2033,0.00083756034
TEST_2034,0.020234002
TEST_2035,0.049348988
TEST_2036,0.39046803
TEST_2037,0.6111841
TEST_2038,0.19272675
TEST_2039,0.42361358
TEST_2040,0.6123144
TEST_2041,0.09679678
TEST_2042,0.27262795
TEST_2043,0.83924735
TEST_2044,0.088675104
TEST_2045,0.30752936
TEST_2046,0.5822226
TEST_2047,0.37825575
TEST_2048,0.3040314
TEST_2049,0.50405484
TEST_2050,0.06580746
TEST_2051,0.2727134
TEST_2052,0.2788669
TEST_2053,0.118533604
TEST_2054,0.77459824
TEST_2055,0.27989367
TEST_2056,0.2319531
TEST_2057,0.027699787
TEST_2058,0.18553615
TEST_2059,0.19373606
TEST_2060,0.2360614
TEST_2061,0.69552445
