UID,채무 불이행 확률
TEST_0000,0.5090913
TEST_0001,0.36265308
TEST_0002,0.45726207
TEST_0003,0.28639537
TEST_0004,0.21356222
TEST_0005,0.2251769
TEST_0006,0.62981313
TEST_0007,0.41441596
TEST_0008,0.4184887
TEST_0009,0.43551564
TEST_0010,0.27821767
TEST_0011,0.09315063
TEST_0012,0.26069978
TEST_0013,0.18741676
TEST_0014,0.3866751
TEST_0015,0.18088403
TEST_0016,0.3100517
TEST_0017,0.19085713
TEST_0018,0.103189126
TEST_0019,0.43567047
TEST_0020,0.26889905
TEST_0021,0.25256032
TEST_0022,0.22080489
TEST_0023,0.29617533
TEST_0024,0.18790366
TEST_0025,0.33545616
TEST_0026,0.2663889
TEST_0027,0.3211302
TEST_0028,0.19696788
TEST_0029,0.93920124
TEST_0030,0.08605155
TEST_0031,0.25419122
TEST_0032,0.121674724
TEST_0033,0.7252965
TEST_0034,0.1330071
TEST_0035,0.10441274
TEST_0036,0.27449572
TEST_0037,0.120858766
TEST_0038,0.46225315
TEST_0039,0.4215203
TEST_0040,0.73405784
TEST_0041,0.054823197
TEST_0042,0.025452312
TEST_0043,0.28874165
TEST_0044,0.10442279
TEST_0045,0.13897991
TEST_0046,0.24298956
TEST_0047,0.3308035
TEST_0048,0.36293644
TEST_0049,0.265084
TEST_0050,0.28382525
TEST_0051,0.05405566
TEST_0052,0.51649076
TEST_0053,0.29282078
TEST_0054,0.089916326
TEST_0055,0.19710477
TEST_0056,0.10454875
TEST_0057,0.14503166
TEST_0058,0.7401066
TEST_0059,0.15805112
TEST_0060,0.05639276
TEST_0061,0.06429707
TEST_0062,0.39441597
TEST_0063,0.28802767
TEST_0064,0.29971403
TEST_0065,0.2786574
TEST_0066,0.2673645
TEST_0067,0.2008398
TEST_0068,0.2666527
TEST_0069,0.32810855
TEST_0070,0.31802842
TEST_0071,0.3142289
TEST_0072,0.02998045
TEST_0073,0.24037473
TEST_0074,0.15157212
TEST_0075,0.4631764
TEST_0076,0.1644082
TEST_0077,0.3101439
TEST_0078,0.06367807
TEST_0079,0.16370364
TEST_0080,0.08040586
TEST_0081,0.41464344
TEST_0082,0.45593917
TEST_0083,0.3933828
TEST_0084,0.21670894
TEST_0085,0.24055558
TEST_0086,0.6182401
TEST_0087,0.21134897
TEST_0088,0.06936217
TEST_0089,0.47459635
TEST_0090,0.642884
TEST_0091,0.12599972
TEST_0092,0.37208968
TEST_0093,0.46193722
TEST_0094,0.14799157
TEST_0095,0.26783952
TEST_0096,0.056901466
TEST_0097,0.42671797
TEST_0098,0.43207335
TEST_0099,0.34848312
TEST_0100,0.24804617
TEST_0101,0.13550748
TEST_0102,0.2783622
TEST_0103,0.16108519
TEST_0104,0.69138485
TEST_0105,0.22360325
TEST_0106,0.59229517
TEST_0107,0.158982
TEST_0108,0.12580322
TEST_0109,0.07433689
TEST_0110,0.051844355
TEST_0111,0.44654307
TEST_0112,0.14840671
TEST_0113,0.3890681
TEST_0114,0.41708285
TEST_0115,0.2763225
TEST_0116,0.30547717
TEST_0117,0.06697266
TEST_0118,0.095124505
TEST_0119,0.3782127
TEST_0120,0.1968745
TEST_0121,0.2500617
TEST_0122,0.13171159
TEST_0123,0.09360876
TEST_0124,0.1584931
TEST_0125,0.22829583
TEST_0126,0.15047331
TEST_0127,0.18544765
TEST_0128,0.12534876
TEST_0129,0.23159245
TEST_0130,0.30246395
TEST_0131,0.22801879
TEST_0132,0.527324
TEST_0133,0.11392867
TEST_0134,0.22761983
TEST_0135,0.3528098
TEST_0136,0.61560583
TEST_0137,0.32917902
TEST_0138,0.90329015
TEST_0139,0.7813162
TEST_0140,0.65109694
TEST_0141,0.5450889
TEST_0142,0.1722977
TEST_0143,0.058026794
TEST_0144,0.14567468
TEST_0145,0.23849453
TEST_0146,0.35673022
TEST_0147,0.28449315
TEST_0148,0.19029815
TEST_0149,0.112689644
TEST_0150,0.5126914
TEST_0151,0.40759957
TEST_0152,0.4913866
TEST_0153,0.17297265
TEST_0154,0.6534209
TEST_0155,0.04183593
TEST_0156,0.35275522
TEST_0157,0.031323735
TEST_0158,0.42222783
TEST_0159,0.083571345
TEST_0160,0.8214429
TEST_0161,0.20892726
TEST_0162,0.22756875
TEST_0163,0.29595464
TEST_0164,0.18669744
TEST_0165,0.027319197
TEST_0166,0.42825598
TEST_0167,0.59381837
TEST_0168,0.24088189
TEST_0169,0.7091047
TEST_0170,0.5262373
TEST_0171,0.13811998
TEST_0172,0.16258466
TEST_0173,0.13925411
TEST_0174,0.27826643
TEST_0175,0.29560533
TEST_0176,0.18421982
TEST_0177,0.4894221
TEST_0178,0.2328925
TEST_0179,0.49316114
TEST_0180,0.36104843
TEST_0181,0.0966051
TEST_0182,0.24219684
TEST_0183,0.06865878
TEST_0184,0.5478897
TEST_0185,0.1525493
TEST_0186,0.16117667
TEST_0187,0.17748536
TEST_0188,0.11275166
TEST_0189,0.14278543
TEST_0190,0.30930018
TEST_0191,0.065338224
TEST_0192,0.095350206
TEST_0193,0.09667837
TEST_0194,0.016833855
TEST_0195,0.23729323
TEST_0196,0.5886304
TEST_0197,0.2550413
TEST_0198,0.2585528
TEST_0199,0.5454767
TEST_0200,0.12044369
TEST_0201,0.39687458
TEST_0202,0.21182314
TEST_0203,0.060463764
TEST_0204,0.27902615
TEST_0205,0.54113656
TEST_0206,0.7298405
TEST_0207,0.016505746
TEST_0208,0.061628737
TEST_0209,0.42519075
TEST_0210,0.39831135
TEST_0211,0.7228519
TEST_0212,0.35882723
TEST_0213,0.3044706
TEST_0214,0.07965678
TEST_0215,0.22347172
TEST_0216,0.15376411
TEST_0217,0.3590371
TEST_0218,0.014580756
TEST_0219,0.3877299
TEST_0220,0.32977006
TEST_0221,0.16706027
TEST_0222,0.6702223
TEST_0223,0.3008292
TEST_0224,0.17893443
TEST_0225,0.2471545
TEST_0226,0.2742371
TEST_0227,0.16858874
TEST_0228,0.4892242
TEST_0229,0.036470927
TEST_0230,0.39122626
TEST_0231,0.3000217
TEST_0232,0.16113923
TEST_0233,0.31620315
TEST_0234,0.06453011
TEST_0235,0.39974883
TEST_0236,0.29352432
TEST_0237,0.35744178
TEST_0238,0.21392494
TEST_0239,0.22016715
TEST_0240,0.14730467
TEST_0241,0.2658829
TEST_0242,0.25378186
TEST_0243,0.3299516
TEST_0244,0.13471627
TEST_0245,0.6357152
TEST_0246,0.15269965
TEST_0247,0.69219846
TEST_0248,0.40709552
TEST_0249,0.15844417
TEST_0250,0.041941855
TEST_0251,0.42272606
TEST_0252,0.6981933
TEST_0253,0.5238323
TEST_0254,0.03626089
TEST_0255,0.84730005
TEST_0256,0.49709567
TEST_0257,0.23944473
TEST_0258,0.21377893
TEST_0259,0.033921644
TEST_0260,0.039760653
TEST_0261,0.25181484
TEST_0262,0.22064847
TEST_0263,0.1164642
TEST_0264,0.40851587
TEST_0265,0.13700081
TEST_0266,0.12805457
TEST_0267,0.10699077
TEST_0268,0.4169775
TEST_0269,0.1886771
TEST_0270,0.12940925
TEST_0271,0.19117256
TEST_0272,0.21935011
TEST_0273,0.571861
TEST_0274,0.057873793
TEST_0275,0.067864776
TEST_0276,0.09203256
TEST_0277,0.10989696
TEST_0278,0.17904624
TEST_0279,0.45030656
TEST_0280,0.19687639
TEST_0281,0.09651475
TEST_0282,0.013713862
TEST_0283,0.40020427
TEST_0284,0.29529536
TEST_0285,0.4250852
TEST_0286,0.13582094
TEST_0287,0.44752437
TEST_0288,0.10374386
TEST_0289,0.052870426
TEST_0290,0.21695009
TEST_0291,0.06094614
TEST_0292,0.1853887
TEST_0293,0.07913421
TEST_0294,0.0739958
TEST_0295,0.4134441
TEST_0296,0.07092726
TEST_0297,0.20150411
TEST_0298,0.4017879
TEST_0299,0.33366746
TEST_0300,0.14342286
TEST_0301,0.11310782
TEST_0302,0.44484106
TEST_0303,0.21317914
TEST_0304,0.08760438
TEST_0305,0.14886653
TEST_0306,0.44076493
TEST_0307,0.8255346
TEST_0308,0.75551474
TEST_0309,0.110516265
TEST_0310,0.104437314
TEST_0311,0.68688875
TEST_0312,0.16436306
TEST_0313,0.20471743
TEST_0314,0.5860392
TEST_0315,0.3194365
TEST_0316,0.084916435
TEST_0317,0.7338485
TEST_0318,0.13249972
TEST_0319,0.56157
TEST_0320,0.40937045
TEST_0321,0.76728773
TEST_0322,0.76496917
TEST_0323,0.26195496
TEST_0324,0.6981715
TEST_0325,0.068362705
TEST_0326,0.36539486
TEST_0327,0.076565064
TEST_0328,0.60402834
TEST_0329,0.42004022
TEST_0330,0.12731154
TEST_0331,0.11570647
TEST_0332,0.47370422
TEST_0333,0.20278771
TEST_0334,0.12661703
TEST_0335,0.38062066
TEST_0336,0.10541173
TEST_0337,0.54245806
TEST_0338,0.2870372
TEST_0339,0.1243778
TEST_0340,0.6038726
TEST_0341,0.027627753
TEST_0342,0.43523383
TEST_0343,0.5125804
TEST_0344,0.17610966
TEST_0345,0.19175409
TEST_0346,0.17886053
TEST_0347,0.40788037
TEST_0348,0.5252475
TEST_0349,0.60712504
TEST_0350,0.23092046
TEST_0351,0.23635064
TEST_0352,0.41636372
TEST_0353,0.38358173
TEST_0354,0.19680785
TEST_0355,0.6673589
TEST_0356,0.15520123
TEST_0357,0.05338507
TEST_0358,0.3766082
TEST_0359,0.36193132
TEST_0360,0.03353566
TEST_0361,0.11115178
TEST_0362,0.27760637
TEST_0363,0.37973925
TEST_0364,0.44637626
TEST_0365,0.1741559
TEST_0366,0.27791265
TEST_0367,0.5637666
TEST_0368,0.21002662
TEST_0369,0.14011763
TEST_0370,0.24757805
TEST_0371,0.27278855
TEST_0372,0.0742172
TEST_0373,0.042947456
TEST_0374,0.48396176
TEST_0375,0.04707971
TEST_0376,0.24379149
TEST_0377,0.34906614
TEST_0378,0.5108926
TEST_0379,0.63287723
TEST_0380,0.14239807
TEST_0381,0.4951519
TEST_0382,0.30351165
TEST_0383,0.21226244
TEST_0384,0.12487835
TEST_0385,0.13909262
TEST_0386,0.31044915
TEST_0387,0.29984885
TEST_0388,0.020524997
TEST_0389,0.14022306
TEST_0390,0.2458948
TEST_0391,0.36900082
TEST_0392,0.1822607
TEST_0393,0.5687145
TEST_0394,0.11859655
TEST_0395,0.12118178
TEST_0396,0.32336617
TEST_0397,0.28717446
TEST_0398,0.3946716
TEST_0399,0.20231114
TEST_0400,0.22246008
TEST_0401,0.2840391
TEST_0402,0.49176195
TEST_0403,0.36363786
TEST_0404,0.20749336
TEST_0405,0.13925213
TEST_0406,0.16610983
TEST_0407,0.73800033
TEST_0408,0.29945153
TEST_0409,0.4469002
TEST_0410,0.25175148
TEST_0411,0.17742532
TEST_0412,0.3515082
TEST_0413,0.14140461
TEST_0414,0.19925933
TEST_0415,0.49839893
TEST_0416,0.037341334
TEST_0417,0.7827648
TEST_0418,0.1918295
TEST_0419,0.48072582
TEST_0420,0.27601787
TEST_0421,0.45421755
TEST_0422,0.061159745
TEST_0423,0.17102163
TEST_0424,0.56147605
TEST_0425,0.36666778
TEST_0426,0.33700174
TEST_0427,0.1455126
TEST_0428,0.43560353
TEST_0429,0.2474122
TEST_0430,0.11128781
TEST_0431,0.16175653
TEST_0432,0.059361983
TEST_0433,0.4480883
TEST_0434,0.24869041
TEST_0435,0.82197714
TEST_0436,0.2613566
TEST_0437,0.3059016
TEST_0438,0.044380706
TEST_0439,0.15986171
TEST_0440,0.04079664
TEST_0441,0.35331038
TEST_0442,0.06685665
TEST_0443,0.08326642
TEST_0444,0.2967925
TEST_0445,0.24485901
TEST_0446,0.3503339
TEST_0447,0.22819805
TEST_0448,0.18426724
TEST_0449,0.02351377
TEST_0450,0.06721146
TEST_0451,0.31945178
TEST_0452,0.4434648
TEST_0453,0.18855934
TEST_0454,0.16905427
TEST_0455,0.05227029
TEST_0456,0.19496147
TEST_0457,0.33999282
TEST_0458,0.13858098
TEST_0459,0.30536467
TEST_0460,0.029463982
TEST_0461,0.17106023
TEST_0462,0.21011055
TEST_0463,0.35613403
TEST_0464,0.46847996
TEST_0465,0.076380596
TEST_0466,0.16850789
TEST_0467,0.113829754
TEST_0468,0.18864723
TEST_0469,0.06830248
TEST_0470,0.3054627
TEST_0471,0.24626242
TEST_0472,0.12874344
TEST_0473,0.053802423
TEST_0474,0.111767896
TEST_0475,0.21747115
TEST_0476,0.26970044
TEST_0477,0.23913069
TEST_0478,0.4841041
TEST_0479,0.84435093
TEST_0480,0.2698176
TEST_0481,0.4040746
TEST_0482,0.16134737
TEST_0483,0.14812186
TEST_0484,0.018131183
TEST_0485,0.39433396
TEST_0486,0.123034954
TEST_0487,0.30984202
TEST_0488,0.38420278
TEST_0489,0.3079417
TEST_0490,0.040589344
TEST_0491,0.049302936
TEST_0492,0.17402701
TEST_0493,0.10288251
TEST_0494,0.25357148
TEST_0495,0.40526277
TEST_0496,0.2382871
TEST_0497,0.7401147
TEST_0498,0.27914673
TEST_0499,0.4685613
TEST_0500,0.20437206
TEST_0501,0.06365382
TEST_0502,0.62545925
TEST_0503,0.1196117
TEST_0504,0.08109285
TEST_0505,0.017171236
TEST_0506,0.18422753
TEST_0507,0.3763776
TEST_0508,0.06527631
TEST_0509,0.15548047
TEST_0510,0.26390108
TEST_0511,0.29280418
TEST_0512,0.46288514
TEST_0513,0.19845009
TEST_0514,0.09414526
TEST_0515,0.88168865
TEST_0516,0.152351
TEST_0517,0.6101423
TEST_0518,0.7487544
TEST_0519,0.20939256
TEST_0520,0.41016814
TEST_0521,0.16398121
TEST_0522,0.12586942
TEST_0523,0.09055836
TEST_0524,0.313639
TEST_0525,0.2522828
TEST_0526,0.5484675
TEST_0527,0.111354016
TEST_0528,0.6869427
TEST_0529,0.38689125
TEST_0530,0.1281632
TEST_0531,0.32310745
TEST_0532,0.5387346
TEST_0533,0.29640067
TEST_0534,0.31762168
TEST_0535,0.39716867
TEST_0536,0.056198042
TEST_0537,0.15783153
TEST_0538,0.29965663
TEST_0539,0.6143493
TEST_0540,0.22811857
TEST_0541,0.25116503
TEST_0542,0.4331788
TEST_0543,0.19064955
TEST_0544,0.36135212
TEST_0545,0.096577704
TEST_0546,0.11799253
TEST_0547,0.7607961
TEST_0548,0.22179429
TEST_0549,0.6371424
TEST_0550,0.16061583
TEST_0551,0.26842377
TEST_0552,0.22898038
TEST_0553,0.29163876
TEST_0554,0.19775634
TEST_0555,0.3120645
TEST_0556,0.58636284
TEST_0557,0.118935466
TEST_0558,0.09107938
TEST_0559,0.55347174
TEST_0560,0.035037473
TEST_0561,0.06102486
TEST_0562,0.21361017
TEST_0563,0.813726
TEST_0564,0.5519052
TEST_0565,0.35518008
TEST_0566,0.028936964
TEST_0567,0.31268445
TEST_0568,0.14396094
TEST_0569,0.20862567
TEST_0570,0.24176541
TEST_0571,0.20454991
TEST_0572,0.20687947
TEST_0573,0.20036913
TEST_0574,0.13634954
TEST_0575,0.0126113035
TEST_0576,0.26295087
TEST_0577,0.015249302
TEST_0578,0.083623424
TEST_0579,0.31670314
TEST_0580,0.20447843
TEST_0581,0.1748349
TEST_0582,0.42278776
TEST_0583,0.17259225
TEST_0584,0.7859277
TEST_0585,0.10155209
TEST_0586,0.13982974
TEST_0587,0.09751169
TEST_0588,0.56740665
TEST_0589,0.649903
TEST_0590,0.5651731
TEST_0591,0.14309004
TEST_0592,0.09824661
TEST_0593,0.5643502
TEST_0594,0.63120157
TEST_0595,0.29304594
TEST_0596,0.40623105
TEST_0597,0.081461325
TEST_0598,0.45597467
TEST_0599,0.53805673
TEST_0600,0.07888283
TEST_0601,0.61732304
TEST_0602,0.3328675
TEST_0603,0.18763493
TEST_0604,0.35777253
TEST_0605,0.16020459
TEST_0606,0.2739462
TEST_0607,0.070754826
TEST_0608,0.07556155
TEST_0609,0.20513152
TEST_0610,0.17993344
TEST_0611,0.4898158
TEST_0612,0.13190298
TEST_0613,0.14281406
TEST_0614,0.41029903
TEST_0615,0.27664906
TEST_0616,0.38191977
TEST_0617,0.3333484
TEST_0618,0.11712952
TEST_0619,0.47119546
TEST_0620,0.45311987
TEST_0621,0.15058762
TEST_0622,0.196231
TEST_0623,0.3494756
TEST_0624,0.67631924
TEST_0625,0.055358138
TEST_0626,0.4886182
TEST_0627,0.10712694
TEST_0628,0.55694735
TEST_0629,0.36670062
TEST_0630,0.5610569
TEST_0631,0.2441951
TEST_0632,0.40726388
TEST_0633,0.31543383
TEST_0634,0.42920133
TEST_0635,0.097530864
TEST_0636,0.4778019
TEST_0637,0.47161964
TEST_0638,0.47947478
TEST_0639,0.7323797
TEST_0640,0.13130127
TEST_0641,0.5543399
TEST_0642,0.2867713
TEST_0643,0.15206712
TEST_0644,0.2087795
TEST_0645,0.31993786
TEST_0646,0.39083505
TEST_0647,0.11687835
TEST_0648,0.31527302
TEST_0649,0.25088194
TEST_0650,0.301666
TEST_0651,0.145495
TEST_0652,0.08631146
TEST_0653,0.5210691
TEST_0654,0.31583673
TEST_0655,0.117681414
TEST_0656,0.05685225
TEST_0657,0.20352365
TEST_0658,0.120748736
TEST_0659,0.35952368
TEST_0660,0.23263627
TEST_0661,0.5268444
TEST_0662,0.12707095
TEST_0663,0.20365386
TEST_0664,0.11299213
TEST_0665,0.29370642
TEST_0666,0.79341835
TEST_0667,0.19163284
TEST_0668,0.23129283
TEST_0669,0.37868556
TEST_0670,0.08455556
TEST_0671,0.03081077
TEST_0672,0.07731859
TEST_0673,0.22859493
TEST_0674,0.06629629
TEST_0675,0.08647672
TEST_0676,0.01033754
TEST_0677,0.43509766
TEST_0678,0.64010704
TEST_0679,0.3621894
TEST_0680,0.37173796
TEST_0681,0.32366943
TEST_0682,0.113969855
TEST_0683,0.52964604
TEST_0684,0.45461842
TEST_0685,0.29776615
TEST_0686,0.19200803
TEST_0687,0.40128288
TEST_0688,0.56565994
TEST_0689,0.1779011
TEST_0690,0.61931485
TEST_0691,0.13251257
TEST_0692,0.31533206
TEST_0693,0.2584343
TEST_0694,0.14386867
TEST_0695,0.5705206
TEST_0696,0.06365851
TEST_0697,0.23827733
TEST_0698,0.42781428
TEST_0699,0.20803408
TEST_0700,0.02851978
TEST_0701,0.7140482
TEST_0702,0.09998996
TEST_0703,0.16549127
TEST_0704,0.15740606
TEST_0705,0.08026721
TEST_0706,0.13025823
TEST_0707,0.400559
TEST_0708,0.615452
TEST_0709,0.45994544
TEST_0710,0.1444023
TEST_0711,0.25675663
TEST_0712,0.42787826
TEST_0713,0.123890445
TEST_0714,0.55656606
TEST_0715,0.6318159
TEST_0716,0.55214095
TEST_0717,0.7003059
TEST_0718,0.1383657
TEST_0719,0.40376467
TEST_0720,0.44480717
TEST_0721,0.49965298
TEST_0722,0.043931566
TEST_0723,0.24761045
TEST_0724,0.2511522
TEST_0725,0.08532115
TEST_0726,0.19839971
TEST_0727,0.25113532
TEST_0728,0.7199013
TEST_0729,0.16096207
TEST_0730,0.09124288
TEST_0731,0.25562015
TEST_0732,0.46653122
TEST_0733,0.2028899
TEST_0734,0.088822335
TEST_0735,0.22846478
TEST_0736,0.5018636
TEST_0737,0.24410307
TEST_0738,0.31414232
TEST_0739,0.051843897
TEST_0740,0.22401626
TEST_0741,0.28542805
TEST_0742,0.31292835
TEST_0743,0.6374398
TEST_0744,0.32127354
TEST_0745,0.25592834
TEST_0746,0.13011274
TEST_0747,0.32094568
TEST_0748,0.22599497
TEST_0749,0.2824918
TEST_0750,0.2796704
TEST_0751,0.10259985
TEST_0752,0.84655976
TEST_0753,0.6962087
TEST_0754,0.1991344
TEST_0755,0.17654203
TEST_0756,0.2027131
TEST_0757,0.21632552
TEST_0758,0.097191915
TEST_0759,0.091959015
TEST_0760,0.25301975
TEST_0761,0.17983386
TEST_0762,0.24634382
TEST_0763,0.18108767
TEST_0764,0.22435147
TEST_0765,0.14451249
TEST_0766,0.2850329
TEST_0767,0.037461307
TEST_0768,0.7245094
TEST_0769,0.6629003
TEST_0770,0.331091
TEST_0771,0.20931831
TEST_0772,0.11520557
TEST_0773,0.014630498
TEST_0774,0.26937905
TEST_0775,0.21251212
TEST_0776,0.47686854
TEST_0777,0.09399314
TEST_0778,0.49294415
TEST_0779,0.32082793
TEST_0780,0.8020203
TEST_0781,0.046279524
TEST_0782,0.30874714
TEST_0783,0.14436094
TEST_0784,0.06450884
TEST_0785,0.36974815
TEST_0786,0.49736866
TEST_0787,0.14556406
TEST_0788,0.49613637
TEST_0789,0.29841578
TEST_0790,0.15262125
TEST_0791,0.7536957
TEST_0792,0.27820325
TEST_0793,0.15630397
TEST_0794,0.07138927
TEST_0795,0.09146528
TEST_0796,0.32099527
TEST_0797,0.7318242
TEST_0798,0.29998428
TEST_0799,0.08675864
TEST_0800,0.5934894
TEST_0801,0.6934959
TEST_0802,0.2013805
TEST_0803,0.20604974
TEST_0804,0.21827249
TEST_0805,0.04245254
TEST_0806,0.3400674
TEST_0807,0.0877086
TEST_0808,0.23443228
TEST_0809,0.060008444
TEST_0810,0.6820778
TEST_0811,0.14028049
TEST_0812,0.23129956
TEST_0813,0.24457325
TEST_0814,0.5585118
TEST_0815,0.24138023
TEST_0816,0.78125715
TEST_0817,0.067726724
TEST_0818,0.15125792
TEST_0819,0.4365193
TEST_0820,0.2352188
TEST_0821,0.4060476
TEST_0822,0.61706996
TEST_0823,0.0964437
TEST_0824,0.23430502
TEST_0825,0.05551839
TEST_0826,0.2603685
TEST_0827,0.18872882
TEST_0828,0.23570217
TEST_0829,0.55191356
TEST_0830,0.055503428
TEST_0831,0.6661481
TEST_0832,0.31116745
TEST_0833,0.5265236
TEST_0834,0.1037171
TEST_0835,0.4249116
TEST_0836,0.08814554
TEST_0837,0.08159307
TEST_0838,0.5100383
TEST_0839,0.08322937
TEST_0840,0.044908274
TEST_0841,0.15283506
TEST_0842,0.15390202
TEST_0843,0.40397692
TEST_0844,0.43767843
TEST_0845,0.08804344
TEST_0846,0.7320763
TEST_0847,0.49550763
TEST_0848,0.59131914
TEST_0849,0.56296545
TEST_0850,0.1459841
TEST_0851,0.39259607
TEST_0852,0.23014475
TEST_0853,0.22681172
TEST_0854,0.24241954
TEST_0855,0.1075494
TEST_0856,0.51166993
TEST_0857,0.33839178
TEST_0858,0.1581977
TEST_0859,0.24367292
TEST_0860,0.26687917
TEST_0861,0.17336799
TEST_0862,0.5187749
TEST_0863,0.3993362
TEST_0864,0.6377949
TEST_0865,0.22625576
TEST_0866,0.23168288
TEST_0867,0.2631999
TEST_0868,0.07198893
TEST_0869,0.3790643
TEST_0870,0.05247589
TEST_0871,0.09418
TEST_0872,0.21114363
TEST_0873,0.31692877
TEST_0874,0.22933534
TEST_0875,0.5478229
TEST_0876,0.67139155
TEST_0877,0.3448285
TEST_0878,0.22588632
TEST_0879,0.48500648
TEST_0880,0.16681129
TEST_0881,0.06642865
TEST_0882,0.6415935
TEST_0883,0.22124891
TEST_0884,0.25477305
TEST_0885,0.101981774
TEST_0886,0.40536615
TEST_0887,0.21062055
TEST_0888,0.6877986
TEST_0889,0.109793685
TEST_0890,0.35621744
TEST_0891,0.07515431
TEST_0892,0.7503595
TEST_0893,0.101583414
TEST_0894,0.6613907
TEST_0895,0.6505547
TEST_0896,0.31902605
TEST_0897,0.41865155
TEST_0898,0.19253807
TEST_0899,0.19166827
TEST_0900,0.21026316
TEST_0901,0.25129354
TEST_0902,0.6018076
TEST_0903,0.029460307
TEST_0904,0.5964382
TEST_0905,0.11318351
TEST_0906,0.5142223
TEST_0907,0.12583618
TEST_0908,0.29228562
TEST_0909,0.16998129
TEST_0910,0.22929879
TEST_0911,0.24776101
TEST_0912,0.4077064
TEST_0913,0.17756443
TEST_0914,0.09825855
TEST_0915,0.34850425
TEST_0916,0.06358031
TEST_0917,0.29220653
TEST_0918,0.35535708
TEST_0919,0.105191074
TEST_0920,0.07167317
TEST_0921,0.20029902
TEST_0922,0.30909774
TEST_0923,0.57816607
TEST_0924,0.4506135
TEST_0925,0.3793748
TEST_0926,0.07253265
TEST_0927,0.3082124
TEST_0928,0.25160086
TEST_0929,0.2940737
TEST_0930,0.0944622
TEST_0931,0.23589757
TEST_0932,0.10093328
TEST_0933,0.20745103
TEST_0934,0.6160463
TEST_0935,0.66683984
TEST_0936,0.30983984
TEST_0937,0.079313055
TEST_0938,0.03982527
TEST_0939,0.056299176
TEST_0940,0.43332434
TEST_0941,0.17099503
TEST_0942,0.43193522
TEST_0943,0.16147028
TEST_0944,0.29606616
TEST_0945,0.35196167
TEST_0946,0.04606749
TEST_0947,0.24269085
TEST_0948,0.15724954
TEST_0949,0.062007833
TEST_0950,0.1010702
TEST_0951,0.65091544
TEST_0952,0.10303882
TEST_0953,0.2683006
TEST_0954,0.10597968
TEST_0955,0.44875836
TEST_0956,0.23386823
TEST_0957,0.26937446
TEST_0958,0.37399888
TEST_0959,0.6224397
TEST_0960,0.035216596
TEST_0961,0.462766
TEST_0962,0.10152699
TEST_0963,0.06710615
TEST_0964,0.36659732
TEST_0965,0.18447264
TEST_0966,0.6781277
TEST_0967,0.16416919
TEST_0968,0.11113257
TEST_0969,0.1214706
TEST_0970,0.08014306
TEST_0971,0.10418141
TEST_0972,0.063479625
TEST_0973,0.20957784
TEST_0974,0.110681996
TEST_0975,0.69284874
TEST_0976,0.23136178
TEST_0977,0.1101982
TEST_0978,0.046573132
TEST_0979,0.34349072
TEST_0980,0.47796333
TEST_0981,0.54740703
TEST_0982,0.08677814
TEST_0983,0.11498744
TEST_0984,0.09917465
TEST_0985,0.71958846
TEST_0986,0.1536399
TEST_0987,0.54200536
TEST_0988,0.2462076
TEST_0989,0.20304342
TEST_0990,0.22822632
TEST_0991,0.097354546
TEST_0992,0.33429748
TEST_0993,0.28970847
TEST_0994,0.045229428
TEST_0995,0.022733044
TEST_0996,0.03992744
TEST_0997,0.10745408
TEST_0998,0.33557075
TEST_0999,0.3877066
TEST_1000,0.37404472
TEST_1001,0.29202792
TEST_1002,0.38891178
TEST_1003,0.14239518
TEST_1004,0.40008494
TEST_1005,0.3349143
TEST_1006,0.48145014
TEST_1007,0.8108489
TEST_1008,0.41042605
TEST_1009,0.18543649
TEST_1010,0.27800885
TEST_1011,0.095248744
TEST_1012,0.12319729
TEST_1013,0.19884579
TEST_1014,0.61591375
TEST_1015,0.059953902
TEST_1016,0.025650976
TEST_1017,0.1877963
TEST_1018,0.1345958
TEST_1019,0.3919897
TEST_1020,0.30513042
TEST_1021,0.300304
TEST_1022,0.14228907
TEST_1023,0.46267056
TEST_1024,0.059294935
TEST_1025,0.06004619
TEST_1026,0.6393557
TEST_1027,0.23922002
TEST_1028,0.32298666
TEST_1029,0.7274641
TEST_1030,0.17807934
TEST_1031,0.20060675
TEST_1032,0.41792363
TEST_1033,0.42912072
TEST_1034,0.45346376
TEST_1035,0.13032928
TEST_1036,0.28216854
TEST_1037,0.07928328
TEST_1038,0.16291954
TEST_1039,0.4315846
TEST_1040,0.08814538
TEST_1041,0.24393998
TEST_1042,0.27625278
TEST_1043,0.085911594
TEST_1044,0.052265935
TEST_1045,0.67714995
TEST_1046,0.579652
TEST_1047,0.27412793
TEST_1048,0.3134773
TEST_1049,0.0904004
TEST_1050,0.057388555
TEST_1051,0.20842807
TEST_1052,0.3805574
TEST_1053,0.25749743
TEST_1054,0.6130762
TEST_1055,0.6581561
TEST_1056,0.77713174
TEST_1057,0.34611455
TEST_1058,0.057954784
TEST_1059,0.09457667
TEST_1060,0.16569556
TEST_1061,0.08667698
TEST_1062,0.8945302
TEST_1063,0.49888715
TEST_1064,0.17823057
TEST_1065,0.219609
TEST_1066,0.42044935
TEST_1067,0.3959149
TEST_1068,0.34581572
TEST_1069,0.27170572
TEST_1070,0.25752386
TEST_1071,0.16763738
TEST_1072,0.17070986
TEST_1073,0.061804302
TEST_1074,0.21033518
TEST_1075,0.26799306
TEST_1076,0.24580042
TEST_1077,0.035186626
TEST_1078,0.1018549
TEST_1079,0.039384507
TEST_1080,0.34231532
TEST_1081,0.15352803
TEST_1082,0.07613481
TEST_1083,0.41875437
TEST_1084,0.36844453
TEST_1085,0.08421658
TEST_1086,0.60889274
TEST_1087,0.2777762
TEST_1088,0.113387346
TEST_1089,0.26974526
TEST_1090,0.72209823
TEST_1091,0.1518813
TEST_1092,0.063417315
TEST_1093,0.17426597
TEST_1094,0.67780346
TEST_1095,0.26207614
TEST_1096,0.24242893
TEST_1097,0.054382216
TEST_1098,0.27730498
TEST_1099,0.27670556
TEST_1100,0.24476956
TEST_1101,0.38196427
TEST_1102,0.5388638
TEST_1103,0.19231552
TEST_1104,0.13519359
TEST_1105,0.18122324
TEST_1106,0.10649141
TEST_1107,0.031057684
TEST_1108,0.3231927
TEST_1109,0.44455582
TEST_1110,0.23108445
TEST_1111,0.390465
TEST_1112,0.061082818
TEST_1113,0.06862479
TEST_1114,0.3358582
TEST_1115,0.08288702
TEST_1116,0.3914729
TEST_1117,0.42870668
TEST_1118,0.15811801
TEST_1119,0.483406
TEST_1120,0.34540802
TEST_1121,0.13633296
TEST_1122,0.2550092
TEST_1123,0.3288693
TEST_1124,0.25366366
TEST_1125,0.39029115
TEST_1126,0.14564922
TEST_1127,0.18067522
TEST_1128,0.46335906
TEST_1129,0.42761585
TEST_1130,0.26017532
TEST_1131,0.21516763
TEST_1132,0.20009197
TEST_1133,0.05585054
TEST_1134,0.54412997
TEST_1135,0.52697194
TEST_1136,0.6432299
TEST_1137,0.058342937
TEST_1138,0.7272986
TEST_1139,0.10138486
TEST_1140,0.4127944
TEST_1141,0.22350504
TEST_1142,0.081666164
TEST_1143,0.10119158
TEST_1144,0.29781482
TEST_1145,0.21709082
TEST_1146,0.5928666
TEST_1147,0.9242295
TEST_1148,0.12695779
TEST_1149,0.2627061
TEST_1150,0.46133628
TEST_1151,0.5163923
TEST_1152,0.25774452
TEST_1153,0.12401417
TEST_1154,0.15877
TEST_1155,0.44426388
TEST_1156,0.37551868
TEST_1157,0.35014507
TEST_1158,0.19050567
TEST_1159,0.12660977
TEST_1160,0.2340516
TEST_1161,0.37042466
TEST_1162,0.14924556
TEST_1163,0.10183288
TEST_1164,0.120276384
TEST_1165,0.43415624
TEST_1166,0.25738436
TEST_1167,0.52346724
TEST_1168,0.39716524
TEST_1169,0.55249995
TEST_1170,0.26381835
TEST_1171,0.25211343
TEST_1172,0.12865056
TEST_1173,0.103407666
TEST_1174,0.099961706
TEST_1175,0.24098039
TEST_1176,0.12265966
TEST_1177,0.41648263
TEST_1178,0.13587521
TEST_1179,0.13278602
TEST_1180,0.5168749
TEST_1181,0.089655526
TEST_1182,0.048422556
TEST_1183,0.811772
TEST_1184,0.22796752
TEST_1185,0.519187
TEST_1186,0.1720946
TEST_1187,0.60280234
TEST_1188,0.15390927
TEST_1189,0.20032883
TEST_1190,0.70556045
TEST_1191,0.2728408
TEST_1192,0.20627949
TEST_1193,0.22101595
TEST_1194,0.1698655
TEST_1195,0.8171512
TEST_1196,0.3984916
TEST_1197,0.4438217
TEST_1198,0.122832075
TEST_1199,0.6857945
TEST_1200,0.22087412
TEST_1201,0.38973466
TEST_1202,0.37770966
TEST_1203,0.4999274
TEST_1204,0.11708792
TEST_1205,0.1908264
TEST_1206,0.116326
TEST_1207,0.33147398
TEST_1208,0.37080273
TEST_1209,0.26140472
TEST_1210,0.31251228
TEST_1211,0.36889607
TEST_1212,0.12878807
TEST_1213,0.2645188
TEST_1214,0.057389922
TEST_1215,0.86765534
TEST_1216,0.79397845
TEST_1217,0.08993968
TEST_1218,0.22272696
TEST_1219,0.019607347
TEST_1220,0.041900124
TEST_1221,0.15062399
TEST_1222,0.2296856
TEST_1223,0.06611305
TEST_1224,0.3455241
TEST_1225,0.18751544
TEST_1226,0.21880496
TEST_1227,0.12511528
TEST_1228,0.07280035
TEST_1229,0.28657815
TEST_1230,0.061991937
TEST_1231,0.23960331
TEST_1232,0.33230507
TEST_1233,0.18239042
TEST_1234,0.109539896
TEST_1235,0.56459725
TEST_1236,0.92958814
TEST_1237,0.1654314
TEST_1238,0.6542612
TEST_1239,0.33527943
TEST_1240,0.15521933
TEST_1241,0.49493513
TEST_1242,0.11640943
TEST_1243,0.08750024
TEST_1244,0.5120465
TEST_1245,0.47809833
TEST_1246,0.24999833
TEST_1247,0.09272468
TEST_1248,0.24683905
TEST_1249,0.2943754
TEST_1250,0.057304338
TEST_1251,0.15872177
TEST_1252,0.38535312
TEST_1253,0.06604384
TEST_1254,0.5513589
TEST_1255,0.20017764
TEST_1256,0.20230818
TEST_1257,0.28053758
TEST_1258,0.26843685
TEST_1259,0.565412
TEST_1260,0.665445
TEST_1261,0.22506349
TEST_1262,0.30834672
TEST_1263,0.07686212
TEST_1264,0.097155206
TEST_1265,0.36221486
TEST_1266,0.16680641
TEST_1267,0.30222327
TEST_1268,0.21288113
TEST_1269,0.33935547
TEST_1270,0.26583436
TEST_1271,0.20939218
TEST_1272,0.17497243
TEST_1273,0.35766745
TEST_1274,0.21858321
TEST_1275,0.38853344
TEST_1276,0.31492034
TEST_1277,0.06572337
TEST_1278,0.86402804
TEST_1279,0.17125323
TEST_1280,0.578125
TEST_1281,0.23755643
TEST_1282,0.24733141
TEST_1283,0.028749809
TEST_1284,0.22558327
TEST_1285,0.08643447
TEST_1286,0.13323471
TEST_1287,0.44038117
TEST_1288,0.13136384
TEST_1289,0.16029876
TEST_1290,0.8979926
TEST_1291,0.07000136
TEST_1292,0.108387195
TEST_1293,0.28240484
TEST_1294,0.079571836
TEST_1295,0.0774795
TEST_1296,0.14099424
TEST_1297,0.21910492
TEST_1298,0.5245362
TEST_1299,0.19900252
TEST_1300,0.15636452
TEST_1301,0.5555096
TEST_1302,0.15112586
TEST_1303,0.2788866
TEST_1304,0.11409433
TEST_1305,0.43782154
TEST_1306,0.25697264
TEST_1307,0.018599259
TEST_1308,0.11746403
TEST_1309,0.20606351
TEST_1310,0.6433625
TEST_1311,0.24788134
TEST_1312,0.3072882
TEST_1313,0.41915685
TEST_1314,0.32387245
TEST_1315,0.15864845
TEST_1316,0.286208
TEST_1317,0.13053963
TEST_1318,0.42036724
TEST_1319,0.6235737
TEST_1320,0.4734002
TEST_1321,0.16795094
TEST_1322,0.49183407
TEST_1323,0.16766326
TEST_1324,0.17135583
TEST_1325,0.21435711
TEST_1326,0.3440895
TEST_1327,0.29022834
TEST_1328,0.07588757
TEST_1329,0.45247966
TEST_1330,0.36389217
TEST_1331,0.45090443
TEST_1332,0.39600137
TEST_1333,0.079381466
TEST_1334,0.31213874
TEST_1335,0.2763179
TEST_1336,0.084065855
TEST_1337,0.517561
TEST_1338,0.63423395
TEST_1339,0.2954541
TEST_1340,0.6318419
TEST_1341,0.32051796
TEST_1342,0.27480596
TEST_1343,0.31333178
TEST_1344,0.51117605
TEST_1345,0.22148931
TEST_1346,0.7659596
TEST_1347,0.16997357
TEST_1348,0.6034963
TEST_1349,0.049686413
TEST_1350,0.29723924
TEST_1351,0.46193212
TEST_1352,0.07670253
TEST_1353,0.29825976
TEST_1354,0.45582542
TEST_1355,0.17849648
TEST_1356,0.10559505
TEST_1357,0.45669016
TEST_1358,0.09623055
TEST_1359,0.41238055
TEST_1360,0.37125364
TEST_1361,0.15570994
TEST_1362,0.18827114
TEST_1363,0.24351256
TEST_1364,0.5692053
TEST_1365,0.60930264
TEST_1366,0.22468673
TEST_1367,0.29659206
TEST_1368,0.6726452
TEST_1369,0.76495165
TEST_1370,0.032646213
TEST_1371,0.61097765
TEST_1372,0.6968669
TEST_1373,0.43238598
TEST_1374,0.1626155
TEST_1375,0.3822291
TEST_1376,0.23153235
TEST_1377,0.22342663
TEST_1378,0.4883587
TEST_1379,0.5627651
TEST_1380,0.08107422
TEST_1381,0.3389103
TEST_1382,0.35321638
TEST_1383,0.10848503
TEST_1384,0.19756769
TEST_1385,0.5549454
TEST_1386,0.29069722
TEST_1387,0.1983059
TEST_1388,0.4557026
TEST_1389,0.08873701
TEST_1390,0.07597604
TEST_1391,0.10243646
TEST_1392,0.49652874
TEST_1393,0.059864175
TEST_1394,0.5658426
TEST_1395,0.54555994
TEST_1396,0.52622366
TEST_1397,0.15113325
TEST_1398,0.6859487
TEST_1399,0.502466
TEST_1400,0.23679808
TEST_1401,0.16302918
TEST_1402,0.07153384
TEST_1403,0.12961325
TEST_1404,0.12123952
TEST_1405,0.19284278
TEST_1406,0.14695206
TEST_1407,0.10817184
TEST_1408,0.24802211
TEST_1409,0.45494914
TEST_1410,0.030006327
TEST_1411,0.06910428
TEST_1412,0.11824331
TEST_1413,0.059312407
TEST_1414,0.15595478
TEST_1415,0.5498049
TEST_1416,0.6447312
TEST_1417,0.43057764
TEST_1418,0.3671091
TEST_1419,0.32236564
TEST_1420,0.06730393
TEST_1421,0.16669486
TEST_1422,0.6787142
TEST_1423,0.3011643
TEST_1424,0.43049273
TEST_1425,0.17562969
TEST_1426,0.13830255
TEST_1427,0.42294315
TEST_1428,0.21478254
TEST_1429,0.24842
TEST_1430,0.5583977
TEST_1431,0.24611664
TEST_1432,0.13247767
TEST_1433,0.3797558
TEST_1434,0.5277269
TEST_1435,0.49359515
TEST_1436,0.029726695
TEST_1437,0.26850554
TEST_1438,0.14615072
TEST_1439,0.2656159
TEST_1440,0.3259545
TEST_1441,0.08974812
TEST_1442,0.11636517
TEST_1443,0.22367316
TEST_1444,0.435826
TEST_1445,0.09743742
TEST_1446,0.90659136
TEST_1447,0.18481381
TEST_1448,0.12507364
TEST_1449,0.11209837
TEST_1450,0.09468835
TEST_1451,0.5704415
TEST_1452,0.27499396
TEST_1453,0.06675474
TEST_1454,0.16942881
TEST_1455,0.31568024
TEST_1456,0.41957492
TEST_1457,0.18393351
TEST_1458,0.79900414
TEST_1459,0.11271767
TEST_1460,0.05051392
TEST_1461,0.045001276
TEST_1462,0.029611308
TEST_1463,0.3798975
TEST_1464,0.27295446
TEST_1465,0.29545686
TEST_1466,0.03321718
TEST_1467,0.23802833
TEST_1468,0.8913202
TEST_1469,0.20215584
TEST_1470,0.67092174
TEST_1471,0.5455251
TEST_1472,0.09039118
TEST_1473,0.088377655
TEST_1474,0.18427461
TEST_1475,0.13468128
TEST_1476,0.10580898
TEST_1477,0.33533165
TEST_1478,0.45783648
TEST_1479,0.14922728
TEST_1480,0.11076316
TEST_1481,0.116894886
TEST_1482,0.32519668
TEST_1483,0.10047034
TEST_1484,0.16360962
TEST_1485,0.33665285
TEST_1486,0.48170072
TEST_1487,0.075193174
TEST_1488,0.7088523
TEST_1489,0.55939424
TEST_1490,0.15323587
TEST_1491,0.15363957
TEST_1492,0.11758439
TEST_1493,0.22333859
TEST_1494,0.052803706
TEST_1495,0.19270664
TEST_1496,0.56920487
TEST_1497,0.18558116
TEST_1498,0.586094
TEST_1499,0.49096695
TEST_1500,0.20378964
TEST_1501,0.2653565
TEST_1502,0.2560877
TEST_1503,0.17620063
TEST_1504,0.87685484
TEST_1505,0.60261387
TEST_1506,0.04947874
TEST_1507,0.58304447
TEST_1508,0.85298467
TEST_1509,0.39050302
TEST_1510,0.27982327
TEST_1511,0.26495284
TEST_1512,0.47551945
TEST_1513,0.2162004
TEST_1514,0.09756409
TEST_1515,0.22308709
TEST_1516,0.29883543
TEST_1517,0.463622
TEST_1518,0.08095157
TEST_1519,0.256464
TEST_1520,0.18081968
TEST_1521,0.098005906
TEST_1522,0.4747558
TEST_1523,0.5414041
TEST_1524,0.17696972
TEST_1525,0.36598393
TEST_1526,0.49603838
TEST_1527,0.3485531
TEST_1528,0.13847178
TEST_1529,0.34684
TEST_1530,0.20028721
TEST_1531,0.30773264
TEST_1532,0.22717008
TEST_1533,0.25721377
TEST_1534,0.24972945
TEST_1535,0.1966738
TEST_1536,0.13568434
TEST_1537,0.54312134
TEST_1538,0.21402934
TEST_1539,0.24012315
TEST_1540,0.10248374
TEST_1541,0.033127863
TEST_1542,0.73585427
TEST_1543,0.2840523
TEST_1544,0.26534453
TEST_1545,0.37050533
TEST_1546,0.17799866
TEST_1547,0.104351774
TEST_1548,0.13846105
TEST_1549,0.3123186
TEST_1550,0.34945026
TEST_1551,0.33429754
TEST_1552,0.32122126
TEST_1553,0.10622204
TEST_1554,0.07412628
TEST_1555,0.31700408
TEST_1556,0.090807274
TEST_1557,0.4917582
TEST_1558,0.77127945
TEST_1559,0.15897298
TEST_1560,0.24735063
TEST_1561,0.2536245
TEST_1562,0.48294792
TEST_1563,0.32216138
TEST_1564,0.12896454
TEST_1565,0.28822368
TEST_1566,0.15104984
TEST_1567,0.6109798
TEST_1568,0.13091363
TEST_1569,0.04268111
TEST_1570,0.43070966
TEST_1571,0.34087512
TEST_1572,0.49089396
TEST_1573,0.22921072
TEST_1574,0.5129538
TEST_1575,0.4655968
TEST_1576,0.8041335
TEST_1577,0.23950365
TEST_1578,0.22109953
TEST_1579,0.30846828
TEST_1580,0.15879452
TEST_1581,0.10301317
TEST_1582,0.19276938
TEST_1583,0.07557614
TEST_1584,0.13957453
TEST_1585,0.44937977
TEST_1586,0.104340434
TEST_1587,0.20015673
TEST_1588,0.21384485
TEST_1589,0.10565555
TEST_1590,0.48010314
TEST_1591,0.33108065
TEST_1592,0.2370912
TEST_1593,0.5098317
TEST_1594,0.27453518
TEST_1595,0.4669109
TEST_1596,0.14458591
TEST_1597,0.20051783
TEST_1598,0.1401947
TEST_1599,0.81958824
TEST_1600,0.2850435
TEST_1601,0.13907586
TEST_1602,0.04307886
TEST_1603,0.06951109
TEST_1604,0.8857169
TEST_1605,0.56591517
TEST_1606,0.24258512
TEST_1607,0.09828993
TEST_1608,0.0358511
TEST_1609,0.4909089
TEST_1610,0.21044654
TEST_1611,0.1714702
TEST_1612,0.6441568
TEST_1613,0.092945345
TEST_1614,0.15146063
TEST_1615,0.5846018
TEST_1616,0.78834057
TEST_1617,0.026376659
TEST_1618,0.072632834
TEST_1619,0.14552474
TEST_1620,0.12762474
TEST_1621,0.44510093
TEST_1622,0.05676263
TEST_1623,0.20428427
TEST_1624,0.3839907
TEST_1625,0.4460106
TEST_1626,0.67869306
TEST_1627,0.27151456
TEST_1628,0.6151893
TEST_1629,0.17348596
TEST_1630,0.31308445
TEST_1631,0.09019711
TEST_1632,0.15617768
TEST_1633,0.3600063
TEST_1634,0.02780922
TEST_1635,0.06706582
TEST_1636,0.42947364
TEST_1637,0.17628418
TEST_1638,0.4476041
TEST_1639,0.5523988
TEST_1640,0.27401918
TEST_1641,0.18569657
TEST_1642,0.12376207
TEST_1643,0.4378044
TEST_1644,0.4144443
TEST_1645,0.26833603
TEST_1646,0.21534894
TEST_1647,0.13692027
TEST_1648,0.26646852
TEST_1649,0.17692918
TEST_1650,0.15962815
TEST_1651,0.062847644
TEST_1652,0.040814575
TEST_1653,0.042011406
TEST_1654,0.17450833
TEST_1655,0.30630368
TEST_1656,0.080037385
TEST_1657,0.3916289
TEST_1658,0.057540055
TEST_1659,0.69060344
TEST_1660,0.5180824
TEST_1661,0.2661937
TEST_1662,0.34744024
TEST_1663,0.43167707
TEST_1664,0.36853972
TEST_1665,0.09785317
TEST_1666,0.5106189
TEST_1667,0.46541375
TEST_1668,0.1521265
TEST_1669,0.25212905
TEST_1670,0.09280892
TEST_1671,0.22638638
TEST_1672,0.64261436
TEST_1673,0.17923096
TEST_1674,0.13857803
TEST_1675,0.55234253
TEST_1676,0.5323098
TEST_1677,0.10064587
TEST_1678,0.39830017
TEST_1679,0.11965923
TEST_1680,0.1895017
TEST_1681,0.20044449
TEST_1682,0.1537243
TEST_1683,0.39989734
TEST_1684,0.5157711
TEST_1685,0.27390942
TEST_1686,0.11359213
TEST_1687,0.50814646
TEST_1688,0.34019378
TEST_1689,0.060367502
TEST_1690,0.4031679
TEST_1691,0.06040716
TEST_1692,0.32467556
TEST_1693,0.6729776
TEST_1694,0.13825387
TEST_1695,0.11016005
TEST_1696,0.6306913
TEST_1697,0.2843057
TEST_1698,0.19167854
TEST_1699,0.48499104
TEST_1700,0.104187734
TEST_1701,0.53266263
TEST_1702,0.2272123
TEST_1703,0.216086
TEST_1704,0.254604
TEST_1705,0.12919937
TEST_1706,0.21560445
TEST_1707,0.19577898
TEST_1708,0.034125727
TEST_1709,0.106928356
TEST_1710,0.2672006
TEST_1711,0.09469201
TEST_1712,0.3943049
TEST_1713,0.30141163
TEST_1714,0.35137853
TEST_1715,0.2979502
TEST_1716,0.18840688
TEST_1717,0.18807043
TEST_1718,0.25937632
TEST_1719,0.34286204
TEST_1720,0.34610114
TEST_1721,0.09775293
TEST_1722,0.32461107
TEST_1723,0.18135713
TEST_1724,0.23294473
TEST_1725,0.17543328
TEST_1726,0.22255993
TEST_1727,0.22315927
TEST_1728,0.14745435
TEST_1729,0.39915854
TEST_1730,0.44714266
TEST_1731,0.12560491
TEST_1732,0.5915065
TEST_1733,0.38898572
TEST_1734,0.066106334
TEST_1735,0.41495183
TEST_1736,0.37083524
TEST_1737,0.48212463
TEST_1738,0.41623282
TEST_1739,0.32293844
TEST_1740,0.50527596
TEST_1741,0.098217994
TEST_1742,0.13452399
TEST_1743,0.5507185
TEST_1744,0.15220201
TEST_1745,0.13237531
TEST_1746,0.43364212
TEST_1747,0.62827206
TEST_1748,0.5001292
TEST_1749,0.088404104
TEST_1750,0.059876148
TEST_1751,0.34187555
TEST_1752,0.35373515
TEST_1753,0.10356514
TEST_1754,0.32789546
TEST_1755,0.46860778
TEST_1756,0.10099264
TEST_1757,0.78936875
TEST_1758,0.10657628
TEST_1759,0.7165425
TEST_1760,0.37482175
TEST_1761,0.3144388
TEST_1762,0.031132279
TEST_1763,0.30881998
TEST_1764,0.32047835
TEST_1765,0.10630535
TEST_1766,0.18474789
TEST_1767,0.4172574
TEST_1768,0.44353324
TEST_1769,0.3532172
TEST_1770,0.69430476
TEST_1771,0.07907205
TEST_1772,0.46248785
TEST_1773,0.31803286
TEST_1774,0.8406009
TEST_1775,0.10560584
TEST_1776,0.8002192
TEST_1777,0.19631374
TEST_1778,0.06795353
TEST_1779,0.52939534
TEST_1780,0.51580405
TEST_1781,0.21693353
TEST_1782,0.53484786
TEST_1783,0.38916093
TEST_1784,0.3579287
TEST_1785,0.19869253
TEST_1786,0.24725492
TEST_1787,0.4395745
TEST_1788,0.25290972
TEST_1789,0.09270586
TEST_1790,0.06212944
TEST_1791,0.5066696
TEST_1792,0.26698345
TEST_1793,0.36076415
TEST_1794,0.37716207
TEST_1795,0.390264
TEST_1796,0.1037416
TEST_1797,0.7211275
TEST_1798,0.04978618
TEST_1799,0.603249
TEST_1800,0.1979689
TEST_1801,0.24881226
TEST_1802,0.15467949
TEST_1803,0.15493102
TEST_1804,0.10331578
TEST_1805,0.60620475
TEST_1806,0.23337193
TEST_1807,0.13928251
TEST_1808,0.3736551
TEST_1809,0.5415273
TEST_1810,0.23208645
TEST_1811,0.29183683
TEST_1812,0.085442506
TEST_1813,0.29055664
TEST_1814,0.22905135
TEST_1815,0.08800854
TEST_1816,0.21397956
TEST_1817,0.7468603
TEST_1818,0.28460124
TEST_1819,0.23380859
TEST_1820,0.22310372
TEST_1821,0.42572892
TEST_1822,0.80708504
TEST_1823,0.08322932
TEST_1824,0.24876463
TEST_1825,0.3706547
TEST_1826,0.3836197
TEST_1827,0.24860553
TEST_1828,0.1467431
TEST_1829,0.4648613
TEST_1830,0.20552596
TEST_1831,0.23302466
TEST_1832,0.21156256
TEST_1833,0.21994938
TEST_1834,0.6587143
TEST_1835,0.14295839
TEST_1836,0.20463589
TEST_1837,0.14997171
TEST_1838,0.30351624
TEST_1839,0.08099122
TEST_1840,0.3339051
TEST_1841,0.07480045
TEST_1842,0.21316025
TEST_1843,0.46673056
TEST_1844,0.6036219
TEST_1845,0.15607712
TEST_1846,0.15350966
TEST_1847,0.51142496
TEST_1848,0.40525565
TEST_1849,0.17244335
TEST_1850,0.17534052
TEST_1851,0.10727108
TEST_1852,0.78998053
TEST_1853,0.6254487
TEST_1854,0.17085677
TEST_1855,0.6802435
TEST_1856,0.08365105
TEST_1857,0.65553916
TEST_1858,0.21902789
TEST_1859,0.46547377
TEST_1860,0.34192386
TEST_1861,0.1509065
TEST_1862,0.24694549
TEST_1863,0.19463608
TEST_1864,0.33928707
TEST_1865,0.12083367
TEST_1866,0.45255318
TEST_1867,0.6981236
TEST_1868,0.09348545
TEST_1869,0.26297203
TEST_1870,0.040117793
TEST_1871,0.31424946
TEST_1872,0.82355696
TEST_1873,0.17427896
TEST_1874,0.46948513
TEST_1875,0.12400528
TEST_1876,0.5165041
TEST_1877,0.038184296
TEST_1878,0.25993344
TEST_1879,0.8033067
TEST_1880,0.15077575
TEST_1881,0.4277894
TEST_1882,0.5034174
TEST_1883,0.37758958
TEST_1884,0.11468272
TEST_1885,0.55684644
TEST_1886,0.07564228
TEST_1887,0.060831927
TEST_1888,0.24685806
TEST_1889,0.088254675
TEST_1890,0.11301744
TEST_1891,0.5439271
TEST_1892,0.300644
TEST_1893,0.25329852
TEST_1894,0.19037707
TEST_1895,0.6582801
TEST_1896,0.6542823
TEST_1897,0.055274613
TEST_1898,0.05442975
TEST_1899,0.16444907
TEST_1900,0.11668885
TEST_1901,0.46658143
TEST_1902,0.080524355
TEST_1903,0.072772615
TEST_1904,0.28155082
TEST_1905,0.21206449
TEST_1906,0.15003042
TEST_1907,0.061355133
TEST_1908,0.26084015
TEST_1909,0.11093004
TEST_1910,0.39201942
TEST_1911,0.16048077
TEST_1912,0.087584436
TEST_1913,0.10387392
TEST_1914,0.4616659
TEST_1915,0.29561907
TEST_1916,0.058873914
TEST_1917,0.19339857
TEST_1918,0.12656757
TEST_1919,0.10230477
TEST_1920,0.1021997
TEST_1921,0.30605537
TEST_1922,0.10903532
TEST_1923,0.2483696
TEST_1924,0.11464037
TEST_1925,0.096359536
TEST_1926,0.69596916
TEST_1927,0.15072131
TEST_1928,0.10521747
TEST_1929,0.7262411
TEST_1930,0.048444413
TEST_1931,0.09359737
TEST_1932,0.16454217
TEST_1933,0.45691812
TEST_1934,0.090305105
TEST_1935,0.13261454
TEST_1936,0.59687096
TEST_1937,0.42653468
TEST_1938,0.084663704
TEST_1939,0.13208693
TEST_1940,0.11348699
TEST_1941,0.18714263
TEST_1942,0.2677313
TEST_1943,0.14916472
TEST_1944,0.19725055
TEST_1945,0.18613267
TEST_1946,0.22658747
TEST_1947,0.07635958
TEST_1948,0.45657647
TEST_1949,0.48381114
TEST_1950,0.27110168
TEST_1951,0.29779395
TEST_1952,0.19090015
TEST_1953,0.49941573
TEST_1954,0.13039196
TEST_1955,0.16978031
TEST_1956,0.18658428
TEST_1957,0.43548852
TEST_1958,0.2738949
TEST_1959,0.3380931
TEST_1960,0.27416512
TEST_1961,0.09333582
TEST_1962,0.3626629
TEST_1963,0.22821951
TEST_1964,0.38054997
TEST_1965,0.4746581
TEST_1966,0.038367443
TEST_1967,0.5796497
TEST_1968,0.15511583
TEST_1969,0.12057573
TEST_1970,0.080775134
TEST_1971,0.31364068
TEST_1972,0.3608291
TEST_1973,0.6148355
TEST_1974,0.23322013
TEST_1975,0.12817384
TEST_1976,0.42025396
TEST_1977,0.0736294
TEST_1978,0.09921348
TEST_1979,0.06656784
TEST_1980,0.23828445
TEST_1981,0.20824634
TEST_1982,0.06397154
TEST_1983,0.26583523
TEST_1984,0.047461946
TEST_1985,0.08134313
TEST_1986,0.123693205
TEST_1987,0.5578991
TEST_1988,0.5594202
TEST_1989,0.15100574
TEST_1990,0.4578156
TEST_1991,0.491997
TEST_1992,0.13320561
TEST_1993,0.28718877
TEST_1994,0.112013794
TEST_1995,0.14283523
TEST_1996,0.5383602
TEST_1997,0.12449496
TEST_1998,0.1922215
TEST_1999,0.26075748
TEST_2000,0.27358302
TEST_2001,0.42807135
TEST_2002,0.46497932
TEST_2003,0.69593674
TEST_2004,0.07232635
TEST_2005,0.42613906
TEST_2006,0.19278537
TEST_2007,0.27179483
TEST_2008,0.05293932
TEST_2009,0.37022713
TEST_2010,0.11071474
TEST_2011,0.17698748
TEST_2012,0.31132448
TEST_2013,0.19661659
TEST_2014,0.08094581
TEST_2015,0.085082136
TEST_2016,0.56386226
TEST_2017,0.14066143
TEST_2018,0.08622631
TEST_2019,0.16206375
TEST_2020,0.33860624
TEST_2021,0.21309493
TEST_2022,0.27584526
TEST_2023,0.29154414
TEST_2024,0.045385078
TEST_2025,0.08097645
TEST_2026,0.13566135
TEST_2027,0.11599352
TEST_2028,0.14053956
TEST_2029,0.31465852
TEST_2030,0.19753426
TEST_2031,0.0936892
TEST_2032,0.23516093
TEST_2033,0.09531451
TEST_2034,0.0579891
TEST_2035,0.11060184
TEST_2036,0.30614936
TEST_2037,0.6785292
TEST_2038,0.24200375
TEST_2039,0.4396139
TEST_2040,0.6452707
TEST_2041,0.28151545
TEST_2042,0.0829968
TEST_2043,0.69179755
TEST_2044,0.6400142
TEST_2045,0.17048462
TEST_2046,0.55556744
TEST_2047,0.30938554
TEST_2048,0.45141098
TEST_2049,0.49310467
TEST_2050,0.08352713
TEST_2051,0.1992557
TEST_2052,0.20376866
TEST_2053,0.14238733
TEST_2054,0.81528383
TEST_2055,0.1014062
TEST_2056,0.39767355
TEST_2057,0.09509224
TEST_2058,0.091424
TEST_2059,0.340692
TEST_2060,0.16720912
TEST_2061,0.6736564
